  0
SECTION
  2
HEADER
  9
$ACADVER
  1
AC1027
  9
$ACADMAINTVER
 70
105
  9
$DWGCODEPAGE
  3
ANSI_1252
  9
$LASTSAVEDBY
  1
ezdxf
  9
$REQUIREDVERSIONS
160
0
  9
$INSBASE
 10
0.0
 20
0.0
 30
0.0
  9
$EXTMIN
 10
1e+20
 20
1e+20
 30
1e+20
  9
$EXTMAX
 10
-1e+20
 20
-1e+20
 30
-1e+20
  9
$LIMMIN
 10
0.0
 20
0.0
  9
$LIMMAX
 10
420.0
 20
297.0
  9
$ORTHOMODE
 70
0
  9
$REGENMODE
 70
1
  9
$FILLMODE
 70
1
  9
$QTEXTMODE
 70
0
  9
$MIRRTEXT
 70
1
  9
$LTSCALE
 40
1.0
  9
$ATTMODE
 70
1
  9
$TEXTSIZE
 40
2.5
  9
$TRACEWID
 40
1.0
  9
$TEXTSTYLE
  7
OpenSans
  9
$CLAYER
  8
0
  9
$CELTYPE
  6
ByLayer
  9
$CECOLOR
 62
256
  9
$CELTSCALE
 40
1.0
  9
$DISPSILH
 70
0
  9
$DIMSCALE
 40
1.0
  9
$DIMASZ
 40
0.175
  9
$DIMEXO
 40
0.125
  9
$DIMDLI
 40
3.75
  9
$DIMRND
 40
0.0
  9
$DIMDLE
 40
0.0
  9
$DIMEXE
 40
0.375
  9
$DIMTP
 40
0.0
  9
$DIMTM
 40
0.0
  9
$DIMTXT
 40
0.25
  9
$DIMCEN
 40
2.5
  9
$DIMTSZ
 40
0.0
  9
$DIMTOL
 70
0
  9
$DIMLIM
 70
0
  9
$DIMTIH
 70
0
  9
$DIMTOH
 70
0
  9
$DIMSE1
 70
0
  9
$DIMSE2
 70
0
  9
$DIMTAD
 70
1
  9
$DIMZIN
 70
12
  9
$DIMBLK
  1
ARCHTICK
  9
$DIMASO
 70
1
  9
$DIMSHO
 70
1
  9
$DIMPOST
  1

  9
$DIMAPOST
  1

  9
$DIMALT
 70
0
  9
$DIMALTD
 70
3
  9
$DIMALTF
 40
0.03937007874
  9
$DIMLFAC
 40
100.0
  9
$DIMTOFL
 70
1
  9
$DIMTVP
 40
0.0
  9
$DIMTIX
 70
0
  9
$DIMSOXD
 70
0
  9
$DIMSAH
 70
0
  9
$DIMBLK1
  1

  9
$DIMBLK2
  1

  9
$DIMSTYLE
  2
EZDXF
  9
$DIMCLRD
 70
0
  9
$DIMCLRE
 70
0
  9
$DIMCLRT
 70
0
  9
$DIMTFAC
 40
0.5
  9
$DIMGAP
 40
0.1
  9
$DIMJUST
 70
0
  9
$DIMSD1
 70
0
  9
$DIMSD2
 70
0
  9
$DIMTOLJ
 70
0
  9
$DIMTZIN
 70
8
  9
$DIMALTZ
 70
0
  9
$DIMALTTZ
 70
0
  9
$DIMUPT
 70
1
  9
$DIMDEC
 70
2
  9
$DIMTDEC
 70
2
  9
$DIMALTU
 70
2
  9
$DIMALTTD
 70
3
  9
$DIMTXSTY
  7
OpenSansCondensed-Light
  9
$DIMAUNIT
 70
0
  9
$DIMADEC
 70
2
  9
$DIMALTRND
 40
0.0
  9
$DIMAZIN
 70
3
  9
$DIMDSEP
 70
46
  9
$DIMATFIT
 70
3
  9
$DIMFRAC
 70
0
  9
$DIMLDRBLK
  1

  9
$DIMLUNIT
 70
2
  9
$DIMLWD
 70
-2
  9
$DIMLWE
 70
-2
  9
$DIMTMOVE
 70
2
  9
$DIMFXL
 40
1.0
  9
$DIMFXLON
 70
0
  9
$DIMJOGANG
 40
0.785398163397
  9
$DIMTFILL
 70
0
  9
$DIMTFILLCLR
 70
0
  9
$DIMARCSYM
 70
0
  9
$DIMLTYPE
  6

  9
$DIMLTEX1
  6

  9
$DIMLTEX2
  6

  9
$DIMTXTDIRECTION
 70
0
  9
$LUNITS
 70
2
  9
$LUPREC
 70
4
  9
$SKETCHINC
 40
1.0
  9
$FILLETRAD
 40
10.0
  9
$AUNITS
 70
0
  9
$AUPREC
 70
2
  9
$MENU
  1
.
  9
$ELEVATION
 40
0.0
  9
$PELEVATION
 40
0.0
  9
$THICKNESS
 40
0.0
  9
$LIMCHECK
 70
0
  9
$CHAMFERA
 40
0.0
  9
$CHAMFERB
 40
0.0
  9
$CHAMFERC
 40
0.0
  9
$CHAMFERD
 40
0.0
  9
$SKPOLY
 70
0
  9
$TDCREATE
 40
2461312.368946759
  9
$TDUCREATE
 40
2458532.153996898
  9
$TDUPDATE
 40
2461312.368946759
  9
$TDUUPDATE
 40
2458532.1544311
  9
$TDINDWG
 40
0.0
  9
$TDUSRTIMER
 40
0.0
  9
$USRTIMER
 70
1
  9
$ANGBASE
 50
0.0
  9
$ANGDIR
 70
0
  9
$PDMODE
 70
0
  9
$PDSIZE
 40
0.0
  9
$PLINEWID
 40
0.0
  9
$SPLFRAME
 70
0
  9
$SPLINETYPE
 70
6
  9
$SPLINESEGS
 70
8
  9
$HANDSEED
  5
604
  9
$SURFTAB1
 70
6
  9
$SURFTAB2
 70
6
  9
$SURFTYPE
 70
6
  9
$SURFU
 70
6
  9
$SURFV
 70
6
  9
$UCSBASE
  2

  9
$UCSNAME
  2

  9
$UCSORG
 10
0.0
 20
0.0
 30
0.0
  9
$UCSXDIR
 10
1.0
 20
0.0
 30
0.0
  9
$UCSYDIR
 10
0.0
 20
1.0
 30
0.0
  9
$UCSORTHOREF
  2

  9
$UCSORTHOVIEW
 70
0
  9
$UCSORGTOP
 10
0.0
 20
0.0
 30
0.0
  9
$UCSORGBOTTOM
 10
0.0
 20
0.0
 30
0.0
  9
$UCSORGLEFT
 10
0.0
 20
0.0
 30
0.0
  9
$UCSORGRIGHT
 10
0.0
 20
0.0
 30
0.0
  9
$UCSORGFRONT
 10
0.0
 20
0.0
 30
0.0
  9
$UCSORGBACK
 10
0.0
 20
0.0
 30
0.0
  9
$PUCSBASE
  2

  9
$PUCSNAME
  2

  9
$PUCSORG
 10
0.0
 20
0.0
 30
0.0
  9
$PUCSXDIR
 10
1.0
 20
0.0
 30
0.0
  9
$PUCSYDIR
 10
0.0
 20
1.0
 30
0.0
  9
$PUCSORTHOREF
  2

  9
$PUCSORTHOVIEW
 70
0
  9
$PUCSORGTOP
 10
0.0
 20
0.0
 30
0.0
  9
$PUCSORGBOTTOM
 10
0.0
 20
0.0
 30
0.0
  9
$PUCSORGLEFT
 10
0.0
 20
0.0
 30
0.0
  9
$PUCSORGRIGHT
 10
0.0
 20
0.0
 30
0.0
  9
$PUCSORGFRONT
 10
0.0
 20
0.0
 30
0.0
  9
$PUCSORGBACK
 10
0.0
 20
0.0
 30
0.0
  9
$USERI1
 70
0
  9
$USERI2
 70
0
  9
$USERI3
 70
0
  9
$USERI4
 70
0
  9
$USERI5
 70
0
  9
$USERR1
 40
0.0
  9
$USERR2
 40
0.0
  9
$USERR3
 40
0.0
  9
$USERR4
 40
0.0
  9
$USERR5
 40
0.0
  9
$WORLDVIEW
 70
1
  9
$SHADEDGE
 70
3
  9
$SHADEDIF
 70
70
  9
$TILEMODE
 70
1
  9
$MAXACTVP
 70
64
  9
$PINSBASE
 10
0.0
 20
0.0
 30
0.0
  9
$PLIMCHECK
 70
0
  9
$PEXTMIN
 10
1e+20
 20
1e+20
 30
1e+20
  9
$PEXTMAX
 10
-1e+20
 20
-1e+20
 30
-1e+20
  9
$PLIMMIN
 10
0.0
 20
0.0
  9
$PLIMMAX
 10
420.0
 20
297.0
  9
$UNITMODE
 70
0
  9
$VISRETAIN
 70
1
  9
$PLINEGEN
 70
0
  9
$PSLTSCALE
 70
1
  9
$TREEDEPTH
 70
3020
  9
$CMLSTYLE
  2
Standard
  9
$CMLJUST
 70
0
  9
$CMLSCALE
 40
20.0
  9
$PROXYGRAPHICS
 70
1
  9
$MEASUREMENT
 70
1
  9
$CELWEIGHT
370
-1
  9
$ENDCAPS
280
0
  9
$JOINSTYLE
280
0
  9
$LWDISPLAY
290
1
  9
$INSUNITS
 70
4
  9
$HYPERLINKBASE
  1

  9
$STYLESHEET
  1

  9
$XEDIT
290
1
  9
$CEPSNTYPE
380
0
  9
$PSTYLEMODE
290
1
  9
$FINGERPRINTGUID
  2
{C36674F3-FAA3-4315-B3F8-566ADBFA2349}
  9
$VERSIONGUID
  2
{822CAB0A-AEE0-4B1D-808E-E9CB3E660E8C}
  9
$EXTNAMES
290
1
  9
$PSVPSCALE
 40
0.0
  9
$OLESTARTUP
290
0
  9
$SORTENTS
280
127
  9
$INDEXCTL
280
0
  9
$HIDETEXT
280
1
  9
$XCLIPFRAME
280
1
  9
$HALOGAP
280
0
  9
$OBSCOLOR
 70
257
  9
$OBSLTYPE
280
0
  9
$INTERSECTIONDISPLAY
280
0
  9
$INTERSECTIONCOLOR
 70
257
  9
$DIMASSOC
280
2
  9
$PROJECTNAME
  1

  9
$CAMERADISPLAY
290
0
  9
$LENSLENGTH
 40
50.0
  9
$CAMERAHEIGHT
 40
0.0
  9
$STEPSPERSEC
 40
24.0
  9
$STEPSIZE
 40
100.0
  9
$3DDWFPREC
 40
2.0
  9
$PSOLWIDTH
 40
0.005
  9
$PSOLHEIGHT
 40
0.08
  9
$LOFTANG1
 40
1.570796326795
  9
$LOFTANG2
 40
1.570796326795
  9
$LOFTMAG1
 40
0.0
  9
$LOFTMAG2
 40
0.0
  9
$LOFTPARAM
 70
7
  9
$LOFTNORMALS
280
1
  9
$LATITUDE
 40
37.795
  9
$LONGITUDE
 40
-122.394
  9
$NORTHDIRECTION
 40
0.0
  9
$TIMEZONE
 70
-8000
  9
$LIGHTGLYPHDISPLAY
280
1
  9
$TILEMODELIGHTSYNCH
280
1
  9
$CMATERIAL
347
20
  9
$SOLIDHIST
280
0
  9
$SHOWHIST
280
1
  9
$DWFFRAME
280
2
  9
$DGNFRAME
280
2
  9
$REALWORLDSCALE
290
1
  9
$INTERFERECOLOR
 62
256
  9
$CSHADOW
280
0
  9
$SHADOWPLANELOCATION
 40
0.0
  0
ENDSEC
  0
SECTION
  2
CLASSES
  0
CLASS
  1
ACDBDICTIONARYWDFLT
  2
AcDbDictionaryWithDefault
  3
ObjectDBX Classes
 90
0
 91
0
280
0
281
0
  0
CLASS
  1
SUN
  2
AcDbSun
  3
SCENEOE
 90
1153
 91
0
280
0
281
0
  0
CLASS
  1
VISUALSTYLE
  2
AcDbVisualStyle
  3
ObjectDBX Classes
 90
4095
 91
0
280
0
281
0
  0
CLASS
  1
MATERIAL
  2
AcDbMaterial
  3
ObjectDBX Classes
 90
1153
 91
0
280
0
281
0
  0
CLASS
  1
SCALE
  2
AcDbScale
  3
ObjectDBX Classes
 90
1153
 91
0
280
0
281
0
  0
CLASS
  1
TABLESTYLE
  2
AcDbTableStyle
  3
ObjectDBX Classes
 90
4095
 91
0
280
0
281
0
  0
CLASS
  1
MLEADERSTYLE
  2
AcDbMLeaderStyle
  3
ACDB_MLEADERSTYLE_CLASS
 90
4095
 91
0
280
0
281
0
  0
CLASS
  1
DICTIONARYVAR
  2
AcDbDictionaryVar
  3
ObjectDBX Classes
 90
0
 91
0
280
0
281
0
  0
CLASS
  1
CELLSTYLEMAP
  2
AcDbCellStyleMap
  3
ObjectDBX Classes
 90
1152
 91
0
280
0
281
0
  0
CLASS
  1
MENTALRAYRENDERSETTINGS
  2
AcDbMentalRayRenderSettings
  3
SCENEOE
 90
1024
 91
0
280
0
281
0
  0
CLASS
  1
ACDBDETAILVIEWSTYLE
  2
AcDbDetailViewStyle
  3
ObjectDBX Classes
 90
1025
 91
0
280
0
281
0
  0
CLASS
  1
ACDBSECTIONVIEWSTYLE
  2
AcDbSectionViewStyle
  3
ObjectDBX Classes
 90
1025
 91
0
280
0
281
0
  0
CLASS
  1
RASTERVARIABLES
  2
AcDbRasterVariables
  3
ISM
 90
0
 91
0
280
0
281
0
  0
CLASS
  1
ACDBPLACEHOLDER
  2
AcDbPlaceHolder
  3
ObjectDBX Classes
 90
0
 91
0
280
0
281
0
  0
CLASS
  1
LAYOUT
  2
AcDbLayout
  3
ObjectDBX Classes
 90
0
 91
0
280
0
281
0
  0
ENDSEC
  0
SECTION
  2
TABLES
  0
TABLE
  2
VPORT
  5
8
330
0
100
AcDbSymbolTable
 70
1
  0
VPORT
  5
23
330
8
100
AcDbSymbolTableRecord
100
AcDbViewportTableRecord
  2
*Active
 70
0
 10
0.0
 20
0.0
 11
1.0
 21
1.0
 12
0.0
 22
0.0
 13
0.0
 23
0.0
 14
0.5
 24
0.5
 15
0.5
 25
0.5
 16
0.0
 26
0.0
 36
1.0
 17
0.0
 27
0.0
 37
0.0
 40
1000.0
 41
1.34
 42
50.0
 43
0.0
 44
0.0
 50
0.0
 51
0.0
 71
0
 72
1000
 73
1
 74
3
 75
0
 76
0
 77
0
 78
0
281
0
 65
0
146
0.0
  0
ENDTAB
  0
TABLE
  2
LTYPE
  5
2
330
0
100
AcDbSymbolTable
 70
21
  0
LTYPE
  5
24
330
2
100
AcDbSymbolTableRecord
100
AcDbLinetypeTableRecord
  2
ByBlock
 70
0
  3

 72
65
 73
0
 40
0.0
  0
LTYPE
  5
25
330
2
100
AcDbSymbolTableRecord
100
AcDbLinetypeTableRecord
  2
ByLayer
 70
0
  3

 72
65
 73
0
 40
0.0
  0
LTYPE
  5
26
330
2
100
AcDbSymbolTableRecord
100
AcDbLinetypeTableRecord
  2
Continuous
 70
0
  3

 72
65
 73
0
 40
0.0
  0
LTYPE
  5
2F
330
2
100
AcDbSymbolTableRecord
100
AcDbLinetypeTableRecord
  2
CENTER
 70
0
  3
Center ____ _ ____ _ ____ _ ____ _ ____ _ ____
 72
65
 73
4
 40
5.08
 49
3.175
 74
0
 49
-0.635
 74
0
 49
0.635
 74
0
 49
-0.635
 74
0
  0
LTYPE
  5
30
330
2
100
AcDbSymbolTableRecord
100
AcDbLinetypeTableRecord
  2
CENTERX2
 70
0
  3
Center (2x) ________  __  ________  __  ________
 72
65
 73
4
 40
8.89
 49
6.35
 74
0
 49
-0.635
 74
0
 49
1.27
 74
0
 49
-0.635
 74
0
  0
LTYPE
  5
31
330
2
100
AcDbSymbolTableRecord
100
AcDbLinetypeTableRecord
  2
CENTER2
 70
0
  3
Center (.5x) ____ _ ____ _ ____ _ ____ _ ____
 72
65
 73
4
 40
2.54
 49
1.587
 74
0
 49
-0.318
 74
0
 49
0.318
 74
0
 49
-0.318
 74
0
  0
LTYPE
  5
32
330
2
100
AcDbSymbolTableRecord
100
AcDbLinetypeTableRecord
  2
DASHED
 70
0
  3
Dashed __ __ __ __ __ __ __ __ __ __ __ __ __ _
 72
65
 73
2
 40
1.524
 49
1.27
 74
0
 49
-0.254
 74
0
  0
LTYPE
  5
33
330
2
100
AcDbSymbolTableRecord
100
AcDbLinetypeTableRecord
  2
DASHEDX2
 70
0
  3
Dashed (2x) ____  ____  ____  ____  ____  ____
 72
65
 73
2
 40
3.048
 49
2.54
 74
0
 49
-0.508
 74
0
  0
LTYPE
  5
34
330
2
100
AcDbSymbolTableRecord
100
AcDbLinetypeTableRecord
  2
DASHED2
 70
0
  3
Dashed (.5x) _ _ _ _ _ _ _ _ _ _ _ _ _ _
 72
65
 73
2
 40
0.762
 49
0.635
 74
0
 49
-0.127
 74
0
  0
LTYPE
  5
35
330
2
100
AcDbSymbolTableRecord
100
AcDbLinetypeTableRecord
  2
PHANTOM
 70
0
  3
Phantom ______  __  __  ______  __  __  ______
 72
65
 73
6
 40
6.35
 49
3.175
 74
0
 49
-0.635
 74
0
 49
0.635
 74
0
 49
-0.635
 74
0
 49
0.635
 74
0
 49
-0.635
 74
0
  0
LTYPE
  5
36
330
2
100
AcDbSymbolTableRecord
100
AcDbLinetypeTableRecord
  2
PHANTOMX2
 70
0
  3
Phantom (2x)____________    ____    ____    ____________
 72
65
 73
6
 40
10.795
 49
6.35
 74
0
 49
-0.635
 74
0
 49
1.27
 74
0
 49
-0.635
 74
0
 49
1.27
 74
0
 49
-0.635
 74
0
  0
LTYPE
  5
37
330
2
100
AcDbSymbolTableRecord
100
AcDbLinetypeTableRecord
  2
PHANTOM2
 70
0
  3
Phantom (.5x) ___ _ _ ___ _ _ ___ _ _ ___ _ _ ___
 72
65
 73
6
 40
3.175
 49
1.587
 74
0
 49
-0.318
 74
0
 49
0.318
 74
0
 49
-0.318
 74
0
 49
0.318
 74
0
 49
-0.318
 74
0
  0
LTYPE
  5
38
330
2
100
AcDbSymbolTableRecord
100
AcDbLinetypeTableRecord
  2
DASHDOT
 70
0
  3
Dash dot __ . __ . __ . __ . __ . __ . __ . __
 72
65
 73
4
 40
3.556
 49
2.54
 74
0
 49
-0.508
 74
0
 49
0.0
 74
0
 49
-0.508
 74
0
  0
LTYPE
  5
39
330
2
100
AcDbSymbolTableRecord
100
AcDbLinetypeTableRecord
  2
DASHDOTX2
 70
0
  3
Dash dot (2x) ____  .  ____  .  ____  .  ____
 72
65
 73
4
 40
6.096
 49
5.08
 74
0
 49
-0.508
 74
0
 49
0.0
 74
0
 49
-0.508
 74
0
  0
LTYPE
  5
3A
330
2
100
AcDbSymbolTableRecord
100
AcDbLinetypeTableRecord
  2
DASHDOT2
 70
0
  3
Dash dot (.5x) _ . _ . _ . _ . _ . _ . _ . _
 72
65
 73
4
 40
1.778
 49
1.27
 74
0
 49
-0.254
 74
0
 49
0.0
 74
0
 49
-0.254
 74
0
  0
LTYPE
  5
3B
330
2
100
AcDbSymbolTableRecord
100
AcDbLinetypeTableRecord
  2
DOT
 70
0
  3
Dot .  .  .  .  .  .  .  .  .  .  .  .  .  .  .  .
 72
65
 73
2
 40
0.508
 49
0.0
 74
0
 49
-0.508
 74
0
  0
LTYPE
  5
3C
330
2
100
AcDbSymbolTableRecord
100
AcDbLinetypeTableRecord
  2
DOTX2
 70
0
  3
Dot (2x) .    .    .    .    .    .    .    . 
 72
65
 73
2
 40
1.016
 49
0.0
 74
0
 49
-1.016
 74
0
  0
LTYPE
  5
3D
330
2
100
AcDbSymbolTableRecord
100
AcDbLinetypeTableRecord
  2
DOT2
 70
0
  3
Dot (.5) . . . . . . . . . . . . . . . . . . . 
 72
65
 73
2
 40
0.254
 49
0.0
 74
0
 49
-0.254
 74
0
  0
LTYPE
  5
3E
330
2
100
AcDbSymbolTableRecord
100
AcDbLinetypeTableRecord
  2
DIVIDE
 70
0
  3
Divide __ . . __ . . __ . . __ . . __ . . __
 72
65
 73
6
 40
4.064
 49
2.54
 74
0
 49
-0.508
 74
0
 49
0.0
 74
0
 49
-0.508
 74
0
 49
0.0
 74
0
 49
-0.508
 74
0
  0
LTYPE
  5
3F
330
2
100
AcDbSymbolTableRecord
100
AcDbLinetypeTableRecord
  2
DIVIDEX2
 70
0
  3
Divide (2x) ____  . .  ____  . .  ____  . .  ____
 72
65
 73
6
 40
6.604
 49
5.08
 74
0
 49
-0.508
 74
0
 49
0.0
 74
0
 49
-0.508
 74
0
 49
0.0
 74
0
 49
-0.508
 74
0
  0
LTYPE
  5
40
330
2
100
AcDbSymbolTableRecord
100
AcDbLinetypeTableRecord
  2
DIVIDE2
 70
0
  3
Divide(.5x) _ . _ . _ . _ . _ . _ . _ . _
 72
65
 73
6
 40
2.032
 49
1.27
 74
0
 49
-0.254
 74
0
 49
0.0
 74
0
 49
-0.254
 74
0
 49
0.0
 74
0
 49
-0.254
 74
0
  0
ENDTAB
  0
TABLE
  2
LAYER
  5
1
330
0
100
AcDbSymbolTable
 70
14
  0
LAYER
  5
27
330
1
100
AcDbSymbolTableRecord
100
AcDbLayerTableRecord
  2
0
 70
0
 62
7
  6
Continuous
370
-3
390
13
347
21
  0
LAYER
  5
28
330
1
100
AcDbSymbolTableRecord
100
AcDbLayerTableRecord
  2
Defpoints
 70
0
 62
7
  6
Continuous
290
0
370
-3
390
13
347
21
  0
LAYER
  5
8B
330
1
100
AcDbSymbolTableRecord
100
AcDbLayerTableRecord
  2
A-WALL
 70
0
 62
8
  6
Continuous
370
50
390
13
347
21
  0
LAYER
  5
8C
330
1
100
AcDbSymbolTableRecord
100
AcDbLayerTableRecord
  2
A-WALL-FILL
 70
0
 62
253
  6
Continuous
370
0
390
13
347
21
  0
LAYER
  5
8D
330
1
100
AcDbSymbolTableRecord
100
AcDbLayerTableRecord
  2
A-COLS
 70
0
 62
7
  6
Continuous
370
50
390
13
347
21
  0
LAYER
  5
8E
330
1
100
AcDbSymbolTableRecord
100
AcDbLayerTableRecord
  2
A-GLAZ
 70
0
 62
5
  6
Continuous
370
18
390
13
347
21
  0
LAYER
  5
8F
330
1
100
AcDbSymbolTableRecord
100
AcDbLayerTableRecord
  2
A-DOOR
 70
0
 62
7
  6
Continuous
370
18
390
13
347
21
  0
LAYER
  5
90
330
1
100
AcDbSymbolTableRecord
100
AcDbLayerTableRecord
  2
A-EQPM
 70
0
 62
8
  6
Continuous
370
13
390
13
347
21
  0
LAYER
  5
91
330
1
100
AcDbSymbolTableRecord
100
AcDbLayerTableRecord
  2
A-FURN
 70
0
 62
9
  6
Continuous
370
13
390
13
347
21
  0
LAYER
  5
92
330
1
100
AcDbSymbolTableRecord
100
AcDbLayerTableRecord
  2
A-DIMS
 70
0
 62
7
  6
Continuous
370
18
390
13
347
21
  0
LAYER
  5
93
330
1
100
AcDbSymbolTableRecord
100
AcDbLayerTableRecord
  2
A-DIMS-SRC
 70
0
 62
1
  6
Continuous
370
18
390
13
347
21
  0
LAYER
  5
94
330
1
100
AcDbSymbolTableRecord
100
AcDbLayerTableRecord
  2
A-TEXT
 70
0
 62
7
  6
Continuous
370
25
390
13
347
21
  0
LAYER
  5
95
330
1
100
AcDbSymbolTableRecord
100
AcDbLayerTableRecord
  2
A-AREA
 70
0
 62
7
  6
Continuous
370
25
390
13
347
21
  0
LAYER
  5
96
330
1
100
AcDbSymbolTableRecord
100
AcDbLayerTableRecord
  2
A-SHEET
 70
0
 62
7
  6
Continuous
370
25
390
13
347
21
  0
ENDTAB
  0
TABLE
  2
STYLE
  5
5
330
0
100
AcDbSymbolTable
 70
27
  0
STYLE
  5
29
330
5
100
AcDbSymbolTableRecord
100
AcDbTextStyleTableRecord
  2
Standard
 70
0
 40
0.0
 41
1.0
 50
0.0
 71
0
 42
2.5
  3
txt
  4

  0
STYLE
  5
41
330
5
100
AcDbSymbolTableRecord
100
AcDbTextStyleTableRecord
  2
OpenSans-Light
 70
0
 40
0.0
 41
1.0
 50
0.0
 71
0
 42
2.5
  3
OpenSans-Light.ttf
  4

  0
STYLE
  5
42
330
5
100
AcDbSymbolTableRecord
100
AcDbTextStyleTableRecord
  2
OpenSans-Light-Italic
 70
0
 40
0.0
 41
1.0
 50
0.0
 71
0
 42
2.5
  3
OpenSans-LightItalic.ttf
  4

  0
STYLE
  5
43
330
5
100
AcDbSymbolTableRecord
100
AcDbTextStyleTableRecord
  2
OpenSans
 70
0
 40
0.0
 41
1.0
 50
0.0
 71
0
 42
2.5
  3
OpenSans-Regular.ttf
  4

  0
STYLE
  5
44
330
5
100
AcDbSymbolTableRecord
100
AcDbTextStyleTableRecord
  2
OpenSans-Italic
 70
0
 40
0.0
 41
1.0
 50
0.0
 71
0
 42
2.5
  3
OpenSans-Italic.ttf
  4

  0
STYLE
  5
45
330
5
100
AcDbSymbolTableRecord
100
AcDbTextStyleTableRecord
  2
OpenSans-SemiBold
 70
0
 40
0.0
 41
1.0
 50
0.0
 71
0
 42
2.5
  3
OpenSans-SemiBold.ttf
  4

  0
STYLE
  5
46
330
5
100
AcDbSymbolTableRecord
100
AcDbTextStyleTableRecord
  2
OpenSans-SemiBoldItalic
 70
0
 40
0.0
 41
1.0
 50
0.0
 71
0
 42
2.5
  3
OpenSans-SemiBoldItalic.ttf
  4

  0
STYLE
  5
47
330
5
100
AcDbSymbolTableRecord
100
AcDbTextStyleTableRecord
  2
OpenSans-Bold
 70
0
 40
0.0
 41
1.0
 50
0.0
 71
0
 42
2.5
  3
OpenSans-Bold.ttf
  4

  0
STYLE
  5
48
330
5
100
AcDbSymbolTableRecord
100
AcDbTextStyleTableRecord
  2
OpenSans-BoldItalic
 70
0
 40
0.0
 41
1.0
 50
0.0
 71
0
 42
2.5
  3
OpenSans-BoldItalic.ttf
  4

  0
STYLE
  5
49
330
5
100
AcDbSymbolTableRecord
100
AcDbTextStyleTableRecord
  2
OpenSans-ExtraBold
 70
0
 40
0.0
 41
1.0
 50
0.0
 71
0
 42
2.5
  3
OpenSans-ExtraBold.ttf
  4

  0
STYLE
  5
4A
330
5
100
AcDbSymbolTableRecord
100
AcDbTextStyleTableRecord
  2
OpenSans-ExtraBoldItalic
 70
0
 40
0.0
 41
1.0
 50
0.0
 71
0
 42
2.5
  3
OpenSans-ExtraBoldItalic.ttf
  4

  0
STYLE
  5
4B
330
5
100
AcDbSymbolTableRecord
100
AcDbTextStyleTableRecord
  2
OpenSansCondensed-Bold
 70
0
 40
0.0
 41
1.0
 50
0.0
 71
0
 42
2.5
  3
OpenSansCondensed-Bold.ttf
  4

  0
STYLE
  5
4C
330
5
100
AcDbSymbolTableRecord
100
AcDbTextStyleTableRecord
  2
OpenSansCondensed-Light
 70
0
 40
0.0
 41
1.0
 50
0.0
 71
0
 42
2.5
  3
OpenSansCondensed-Light.ttf
  4

  0
STYLE
  5
4D
330
5
100
AcDbSymbolTableRecord
100
AcDbTextStyleTableRecord
  2
OpenSansCondensed-Italic
 70
0
 40
0.0
 41
1.0
 50
0.0
 71
0
 42
2.5
  3
OpenSansCondensed-LightItalic.ttf
  4

  0
STYLE
  5
4E
330
5
100
AcDbSymbolTableRecord
100
AcDbTextStyleTableRecord
  2
LiberationSans
 70
0
 40
0.0
 41
1.0
 50
0.0
 71
0
 42
2.5
  3
LiberationSans-Regular.ttf
  4

  0
STYLE
  5
4F
330
5
100
AcDbSymbolTableRecord
100
AcDbTextStyleTableRecord
  2
LiberationSans-Bold
 70
0
 40
0.0
 41
1.0
 50
0.0
 71
0
 42
2.5
  3
LiberationSans-Bold.ttf
  4

  0
STYLE
  5
50
330
5
100
AcDbSymbolTableRecord
100
AcDbTextStyleTableRecord
  2
LiberationSans-BoldItalic
 70
0
 40
0.0
 41
1.0
 50
0.0
 71
0
 42
2.5
  3
LiberationSans-BoldItalic.ttf
  4

  0
STYLE
  5
51
330
5
100
AcDbSymbolTableRecord
100
AcDbTextStyleTableRecord
  2
LiberationSans-Italic
 70
0
 40
0.0
 41
1.0
 50
0.0
 71
0
 42
2.5
  3
LiberationSans-Italic.ttf
  4

  0
STYLE
  5
52
330
5
100
AcDbSymbolTableRecord
100
AcDbTextStyleTableRecord
  2
LiberationSerif
 70
0
 40
0.0
 41
1.0
 50
0.0
 71
0
 42
2.5
  3
LiberationSerif-Regular.ttf
  4

  0
STYLE
  5
53
330
5
100
AcDbSymbolTableRecord
100
AcDbTextStyleTableRecord
  2
LiberationSerif-Bold
 70
0
 40
0.0
 41
1.0
 50
0.0
 71
0
 42
2.5
  3
LiberationSerif-Bold.ttf
  4

  0
STYLE
  5
54
330
5
100
AcDbSymbolTableRecord
100
AcDbTextStyleTableRecord
  2
LiberationSerif-BoldItalic
 70
0
 40
0.0
 41
1.0
 50
0.0
 71
0
 42
2.5
  3
LiberationSerif-BoldItalic.ttf
  4

  0
STYLE
  5
55
330
5
100
AcDbSymbolTableRecord
100
AcDbTextStyleTableRecord
  2
LiberationSerif-Italic
 70
0
 40
0.0
 41
1.0
 50
0.0
 71
0
 42
2.5
  3
LiberationSerif-Italic.ttf
  4

  0
STYLE
  5
56
330
5
100
AcDbSymbolTableRecord
100
AcDbTextStyleTableRecord
  2
LiberationMono
 70
0
 40
0.0
 41
1.0
 50
0.0
 71
0
 42
2.5
  3
LiberationMono-Regular.ttf
  4

  0
STYLE
  5
57
330
5
100
AcDbSymbolTableRecord
100
AcDbTextStyleTableRecord
  2
LiberationMono-Bold
 70
0
 40
0.0
 41
1.0
 50
0.0
 71
0
 42
2.5
  3
LiberationMono-Bold.ttf
  4

  0
STYLE
  5
58
330
5
100
AcDbSymbolTableRecord
100
AcDbTextStyleTableRecord
  2
LiberationMono-BoldItalic
 70
0
 40
0.0
 41
1.0
 50
0.0
 71
0
 42
2.5
  3
LiberationMono-BoldItalic.ttf
  4

  0
STYLE
  5
59
330
5
100
AcDbSymbolTableRecord
100
AcDbTextStyleTableRecord
  2
LiberationMono-Italic
 70
0
 40
0.0
 41
1.0
 50
0.0
 71
0
 42
2.5
  3
LiberationMono-Italic.ttf
  4

  0
STYLE
  5
8A
330
5
100
AcDbSymbolTableRecord
100
AcDbTextStyleTableRecord
  2
PLAN
 70
0
 40
0.0
 41
1.0
 50
0.0
 71
0
 42
2.5
  3
arial.ttf
  4

  0
ENDTAB
  0
TABLE
  2
VIEW
  5
7
330
0
100
AcDbSymbolTable
 70
0
  0
ENDTAB
  0
TABLE
  2
UCS
  5
6
330
0
100
AcDbSymbolTable
 70
0
  0
ENDTAB
  0
TABLE
  2
APPID
  5
3
330
0
100
AcDbSymbolTable
 70
3
  0
APPID
  5
2A
330
3
100
AcDbSymbolTableRecord
100
AcDbRegAppTableRecord
  2
ACAD
 70
0
  0
APPID
  5
601
330
3
100
AcDbSymbolTableRecord
100
AcDbRegAppTableRecord
  2
HATCHBACKGROUNDCOLOR
 70
0
  0
APPID
  5
602
330
3
100
AcDbSymbolTableRecord
100
AcDbRegAppTableRecord
  2
EZDXF
 70
0
  0
ENDTAB
  0
TABLE
  2
DIMSTYLE
  5
4
330
0
100
AcDbSymbolTable
 70
13
100
AcDbDimStyleTable
  0
DIMSTYLE
105
2B
330
4
100
AcDbSymbolTableRecord
100
AcDbDimStyleTableRecord
  2
Standard
 70
0
 40
1.0
 41
2.5
 42
0.625
 43
3.75
 44
1.25
 45
0.0
 46
0.0
 47
0.0
 48
0.0
 49
2.5
140
2.5
141
2.5
142
0.0
143
0.03937007874
144
1.0
145
0.0
146
1.0
147
0.625
148
0.0
 69
0
 70
0
 71
0
 72
0
 73
0
 74
0
 75
0
 76
0
 77
1
 78
8
 79
3
170
0
171
3
172
1
173
0
174
0
175
0
176
0
177
0
178
0
179
2
271
2
272
2
273
2
274
3
275
0
276
0
277
2
278
44
279
0
280
0
281
0
282
0
283
0
284
8
285
0
286
0
288
0
289
3
290
0
371
-2
372
-2
  0
DIMSTYLE
105
73
330
4
100
AcDbSymbolTableRecord
100
AcDbDimStyleTableRecord
  2
EZDXF
 70
0
 40
1.0
 41
0.175
 42
0.125
 43
3.75
 44
0.375
 45
0.0
 46
0.0
 47
0.0
 48
0.0
 49
2.5
140
0.25
141
2.5
142
0.0
143
0.03937007874
144
100.0
145
0.0
146
0.5
147
0.1
148
0.0
 69
0
 70
0
 71
0
 72
0
 73
0
 74
0
 75
0
 76
0
 77
1
 78
12
 79
3
170
0
171
3
172
1
173
0
174
0
175
0
176
0
177
0
178
0
179
2
271
2
272
2
273
2
274
3
275
0
276
0
277
2
278
46
279
2
280
0
281
0
282
0
283
0
284
8
285
0
286
0
288
1
289
3
290
0
340
4C
342
74
371
-2
372
-2
  0
DIMSTYLE
105
7C
330
4
100
AcDbSymbolTableRecord
100
AcDbDimStyleTableRecord
  2
EZ_M_100_H25_CM
 70
0
 40
1.0
 41
0.25
 42
0.125
 43
3.75
 44
0.375
 45
0.0
 46
0.0
 47
0.0
 48
0.0
 49
2.5
140
0.25
141
2.5
142
0.125
143
0.03937007874
144
100.0
145
0.0
146
0.5
147
0.1
148
0.0
 69
0
 70
0
 71
0
 72
0
 73
0
 74
0
 75
0
 76
0
 77
1
 78
12
 79
3
170
0
171
3
172
1
173
0
174
0
175
0
176
0
177
0
178
0
179
2
271
2
272
2
273
2
274
3
275
0
276
0
277
2
278
46
279
2
280
0
281
0
282
0
283
0
284
8
285
0
286
0
288
1
289
3
290
0
340
4C
371
-2
372
-2
  0
DIMSTYLE
105
7D
330
4
100
AcDbSymbolTableRecord
100
AcDbDimStyleTableRecord
  2
EZ_M_50_H25_CM
 70
0
 40
1.0
 41
0.125
 42
0.0625
 43
3.75
 44
0.1875
 45
0.0
 46
0.0
 47
0.0
 48
0.0
 49
2.5
140
0.125
141
2.5
142
0.0625
143
0.03937007874
144
100.0
145
0.0
146
0.5
147
0.05
148
0.0
 69
0
 70
0
 71
0
 72
0
 73
0
 74
0
 75
0
 76
0
 77
1
 78
12
 79
3
170
0
171
3
172
1
173
0
174
0
175
0
176
0
177
0
178
0
179
2
271
2
272
2
273
2
274
3
275
0
276
0
277
2
278
46
279
2
280
0
281
0
282
0
283
0
284
8
285
0
286
0
288
1
289
3
290
0
340
4C
371
-2
372
-2
  0
DIMSTYLE
105
7E
330
4
100
AcDbSymbolTableRecord
100
AcDbDimStyleTableRecord
  2
EZ_M_25_H25_CM
 70
0
 40
1.0
 41
0.0625
 42
0.03125
 43
3.75
 44
0.09375
 45
0.0
 46
0.0
 47
0.0
 48
0.0
 49
2.5
140
0.0625
141
2.5
142
0.03125
143
0.03937007874
144
100.0
145
0.0
146
0.5
147
0.025
148
0.0
 69
0
 70
0
 71
0
 72
0
 73
0
 74
0
 75
0
 76
0
 77
1
 78
12
 79
3
170
0
171
3
172
1
173
0
174
0
175
0
176
0
177
0
178
0
179
2
271
2
272
2
273
2
274
3
275
0
276
0
277
2
278
46
279
2
280
0
281
0
282
0
283
0
284
8
285
0
286
0
288
1
289
3
290
0
340
4C
371
-2
372
-2
  0
DIMSTYLE
105
7F
330
4
100
AcDbSymbolTableRecord
100
AcDbDimStyleTableRecord
  2
EZ_M_20_H25_CM
 70
0
 40
1.0
 41
0.05
 42
0.025
 43
3.75
 44
0.07500000000000001
 45
0.0
 46
0.0
 47
0.0
 48
0.0
 49
2.5
140
0.05
141
2.5
142
0.025
143
0.03937007874
144
100.0
145
0.0
146
0.5
147
0.020000000000000004
148
0.0
 69
0
 70
0
 71
0
 72
0
 73
0
 74
0
 75
0
 76
0
 77
1
 78
12
 79
3
170
0
171
3
172
1
173
0
174
0
175
0
176
0
177
0
178
0
179
2
271
2
272
2
273
2
274
3
275
0
276
0
277
2
278
46
279
2
280
0
281
0
282
0
283
0
284
8
285
0
286
0
288
1
289
3
290
0
340
4C
371
-2
372
-2
  0
DIMSTYLE
105
80
330
4
100
AcDbSymbolTableRecord
100
AcDbDimStyleTableRecord
  2
EZ_M_10_H25_CM
 70
0
 40
1.0
 41
0.025
 42
0.0125
 43
3.75
 44
0.037500000000000006
 45
0.0
 46
0.0
 47
0.0
 48
0.0
 49
2.5
140
0.025
141
2.5
142
0.0125
143
0.03937007874
144
100.0
145
0.0
146
0.5
147
0.010000000000000002
148
0.0
 69
0
 70
0
 71
0
 72
0
 73
0
 74
0
 75
0
 76
0
 77
1
 78
12
 79
3
170
0
171
3
172
1
173
0
174
0
175
0
176
0
177
0
178
0
179
2
271
2
272
2
273
2
274
3
275
0
276
0
277
2
278
46
279
2
280
0
281
0
282
0
283
0
284
8
285
0
286
0
288
1
289
3
290
0
340
4C
371
-2
372
-2
  0
DIMSTYLE
105
81
330
4
100
AcDbSymbolTableRecord
100
AcDbDimStyleTableRecord
  2
EZ_M_5_H25_CM
 70
0
 40
1.0
 41
0.0125
 42
0.00625
 43
3.75
 44
0.018750000000000003
 45
0.0
 46
0.0
 47
0.0
 48
0.0
 49
2.5
140
0.0125
141
2.5
142
0.00625
143
0.03937007874
144
100.0
145
0.0
146
0.5
147
0.005000000000000001
148
0.0
 69
0
 70
0
 71
0
 72
0
 73
0
 74
0
 75
0
 76
0
 77
1
 78
12
 79
3
170
0
171
3
172
1
173
0
174
0
175
0
176
0
177
0
178
0
179
2
271
2
272
2
273
2
274
3
275
0
276
0
277
2
278
46
279
2
280
0
281
0
282
0
283
0
284
8
285
0
286
0
288
1
289
3
290
0
340
4C
371
-2
372
-2
  0
DIMSTYLE
105
82
330
4
100
AcDbSymbolTableRecord
100
AcDbDimStyleTableRecord
  2
EZ_M_1_H25_CM
 70
0
 40
1.0
 41
0.0025
 42
0.00125
 43
3.75
 44
0.00375
 45
0.0
 46
0.0
 47
0.0
 48
0.0
 49
2.5
140
0.0025
141
2.5
142
0.00125
143
0.03937007874
144
100.0
145
0.0
146
0.5
147
0.001
148
0.0
 69
0
 70
0
 71
0
 72
0
 73
0
 74
0
 75
0
 76
0
 77
1
 78
12
 79
3
170
0
171
3
172
1
173
0
174
0
175
0
176
0
177
0
178
0
179
2
271
2
272
2
273
2
274
3
275
0
276
0
277
2
278
46
279
2
280
0
281
0
282
0
283
0
284
8
285
0
286
0
288
1
289
3
290
0
340
4C
371
-2
372
-2
  0
DIMSTYLE
105
83
330
4
100
AcDbSymbolTableRecord
100
AcDbDimStyleTableRecord
  2
EZ_RADIUS
 70
0
 40
1.0
 41
0.25
 42
0.125
 43
3.75
 44
0.375
 45
0.0
 46
0.0
 47
0.0
 48
0.0
 49
2.5
140
0.25
141
0.0
142
0.0
143
0.03937007874
144
100.0
145
0.0
146
0.5
147
0.1
148
0.0
 69
0
 70
0
 71
0
 72
0
 73
0
 74
0
 75
0
 76
0
 77
1
 78
12
 79
3
170
0
171
3
172
0
173
0
174
0
175
0
176
0
177
0
178
0
179
2
271
2
272
2
273
2
274
3
275
0
276
0
277
2
278
46
279
1
280
0
281
0
282
0
283
0
284
8
285
0
286
0
288
1
289
3
290
0
340
4C
342
84
371
-2
372
-2
  0
DIMSTYLE
105
88
330
4
100
AcDbSymbolTableRecord
100
AcDbDimStyleTableRecord
  2
EZ_RADIUS_INSIDE
 70
0
 40
1.0
 41
0.25
 42
0.125
 43
3.75
 44
0.375
 45
0.0
 46
0.0
 47
0.0
 48
0.0
 49
2.5
140
0.25
141
0.0
142
0.0
143
0.03937007874
144
100.0
145
0.0
146
0.5
147
0.1
148
0.0
 69
0
 70
0
 71
0
 72
0
 73
0
 74
0
 75
0
 76
0
 77
0
 78
12
 79
3
170
0
171
3
172
0
173
0
174
1
175
0
176
0
177
0
178
0
179
2
271
2
272
2
273
2
274
3
275
0
276
0
277
2
278
46
279
0
280
0
281
0
282
0
283
0
284
8
285
0
286
0
288
1
289
0
290
0
340
4C
342
84
371
-2
372
-2
  0
DIMSTYLE
105
89
330
4
100
AcDbSymbolTableRecord
100
AcDbDimStyleTableRecord
  2
EZ_CURVED
 70
0
 40
1.0
 41
0.25
 42
0.125
 43
3.75
 44
0.375
 45
0.0
 46
0.0
 47
0.0
 48
0.0
 49
2.5
140
0.25
141
2.5
142
0.0
143
0.03937007874
144
100.0
145
0.0
146
0.5
147
0.1
148
0.0
 69
0
 70
0
 71
0
 72
0
 73
0
 74
0
 75
0
 76
0
 77
1
 78
12
 79
2
 90
2
170
0
171
3
172
1
173
0
174
0
175
0
176
0
177
0
178
0
179
2
271
2
272
2
273
2
274
3
275
0
276
0
277
2
278
46
279
2
280
0
281
0
282
0
283
0
284
8
285
0
286
0
288
1
289
3
290
0
340
4C
371
-2
372
-2
  0
DIMSTYLE
105
97
330
4
100
AcDbSymbolTableRecord
100
AcDbDimStyleTableRecord
  2
PLAN50
 70
0
 40
50.0
 41
1.5
 42
0.0
 43
3.75
 44
2.0
 45
0.0
 46
1.5
 47
0.0
 48
0.0
 49
2.5
140
2.5
141
2.5
142
1.5
143
0.03937007874
144
1.0
145
0.0
146
1.0
147
0.7
148
0.0
 69
0
 70
0
 71
0
 72
0
 73
0
 74
0
 75
0
 76
0
 77
1
 78
8
 79
3
170
0
171
3
172
1
173
0
174
0
175
0
176
0
177
0
178
0
179
2
271
0
272
2
273
2
274
3
275
0
276
0
277
2
278
44
279
2
280
0
281
0
282
0
283
0
284
8
285
0
286
0
288
0
289
3
290
0
340
8A
371
-2
372
-2
  0
ENDTAB
  0
TABLE
  2
BLOCK_RECORD
  5
9
330
0
100
AcDbSymbolTable
 70
78
  0
BLOCK_RECORD
  5
17
330
9
100
AcDbSymbolTableRecord
100
AcDbBlockTableRecord
  2
*Model_Space
340
1A
 70
0
280
1
281
0
  0
BLOCK_RECORD
  5
1B
330
9
100
AcDbSymbolTableRecord
100
AcDbBlockTableRecord
  2
*Paper_Space
340
1E
 70
0
280
1
281
0
  0
BLOCK_RECORD
  5
74
330
9
100
AcDbSymbolTableRecord
100
AcDbBlockTableRecord
  2
_ARCHTICK
340
0
 70
0
280
1
281
0
  0
BLOCK_RECORD
  5
78
330
9
100
AcDbSymbolTableRecord
100
AcDbBlockTableRecord
  2
_CLOSEDFILLED
340
0
 70
0
280
1
281
0
  0
BLOCK_RECORD
  5
84
330
9
100
AcDbSymbolTableRecord
100
AcDbBlockTableRecord
  2
_CLOSEDBLANK
340
0
 70
0
280
1
281
0
  0
BLOCK_RECORD
  5
15C
330
9
100
AcDbSymbolTableRecord
100
AcDbBlockTableRecord
  2
*D1
340
0
 70
0
280
1
281
0
  0
BLOCK_RECORD
  5
161
330
9
100
AcDbSymbolTableRecord
100
AcDbBlockTableRecord
  2
_OBLIQUE
340
0
 70
0
280
1
281
0
  0
BLOCK_RECORD
  5
16F
330
9
100
AcDbSymbolTableRecord
100
AcDbBlockTableRecord
  2
*D2
340
0
 70
0
280
1
281
0
  0
BLOCK_RECORD
  5
17E
330
9
100
AcDbSymbolTableRecord
100
AcDbBlockTableRecord
  2
*D3
340
0
 70
0
280
1
281
0
  0
BLOCK_RECORD
  5
18D
330
9
100
AcDbSymbolTableRecord
100
AcDbBlockTableRecord
  2
*D4
340
0
 70
0
280
1
281
0
  0
BLOCK_RECORD
  5
19C
330
9
100
AcDbSymbolTableRecord
100
AcDbBlockTableRecord
  2
*D5
340
0
 70
0
280
1
281
0
  0
BLOCK_RECORD
  5
1AB
330
9
100
AcDbSymbolTableRecord
100
AcDbBlockTableRecord
  2
*D6
340
0
 70
0
280
1
281
0
  0
BLOCK_RECORD
  5
1BA
330
9
100
AcDbSymbolTableRecord
100
AcDbBlockTableRecord
  2
*D7
340
0
 70
0
280
1
281
0
  0
BLOCK_RECORD
  5
1C9
330
9
100
AcDbSymbolTableRecord
100
AcDbBlockTableRecord
  2
*D8
340
0
 70
0
280
1
281
0
  0
BLOCK_RECORD
  5
1D8
330
9
100
AcDbSymbolTableRecord
100
AcDbBlockTableRecord
  2
*D9
340
0
 70
0
280
1
281
0
  0
BLOCK_RECORD
  5
1E7
330
9
100
AcDbSymbolTableRecord
100
AcDbBlockTableRecord
  2
*D10
340
0
 70
0
280
1
281
0
  0
BLOCK_RECORD
  5
1F6
330
9
100
AcDbSymbolTableRecord
100
AcDbBlockTableRecord
  2
*D11
340
0
 70
0
280
1
281
0
  0
BLOCK_RECORD
  5
205
330
9
100
AcDbSymbolTableRecord
100
AcDbBlockTableRecord
  2
*D12
340
0
 70
0
280
1
281
0
  0
BLOCK_RECORD
  5
214
330
9
100
AcDbSymbolTableRecord
100
AcDbBlockTableRecord
  2
*D13
340
0
 70
0
280
1
281
0
  0
BLOCK_RECORD
  5
223
330
9
100
AcDbSymbolTableRecord
100
AcDbBlockTableRecord
  2
*D14
340
0
 70
0
280
1
281
0
  0
BLOCK_RECORD
  5
232
330
9
100
AcDbSymbolTableRecord
100
AcDbBlockTableRecord
  2
*D15
340
0
 70
0
280
1
281
0
  0
BLOCK_RECORD
  5
241
330
9
100
AcDbSymbolTableRecord
100
AcDbBlockTableRecord
  2
*D16
340
0
 70
0
280
1
281
0
  0
BLOCK_RECORD
  5
250
330
9
100
AcDbSymbolTableRecord
100
AcDbBlockTableRecord
  2
*D17
340
0
 70
0
280
1
281
0
  0
BLOCK_RECORD
  5
25F
330
9
100
AcDbSymbolTableRecord
100
AcDbBlockTableRecord
  2
*D18
340
0
 70
0
280
1
281
0
  0
BLOCK_RECORD
  5
26E
330
9
100
AcDbSymbolTableRecord
100
AcDbBlockTableRecord
  2
*D19
340
0
 70
0
280
1
281
0
  0
BLOCK_RECORD
  5
27D
330
9
100
AcDbSymbolTableRecord
100
AcDbBlockTableRecord
  2
*D20
340
0
 70
0
280
1
281
0
  0
BLOCK_RECORD
  5
28C
330
9
100
AcDbSymbolTableRecord
100
AcDbBlockTableRecord
  2
*D21
340
0
 70
0
280
1
281
0
  0
BLOCK_RECORD
  5
29B
330
9
100
AcDbSymbolTableRecord
100
AcDbBlockTableRecord
  2
*D22
340
0
 70
0
280
1
281
0
  0
BLOCK_RECORD
  5
2AA
330
9
100
AcDbSymbolTableRecord
100
AcDbBlockTableRecord
  2
*D23
340
0
 70
0
280
1
281
0
  0
BLOCK_RECORD
  5
2B9
330
9
100
AcDbSymbolTableRecord
100
AcDbBlockTableRecord
  2
*D24
340
0
 70
0
280
1
281
0
  0
BLOCK_RECORD
  5
2C8
330
9
100
AcDbSymbolTableRecord
100
AcDbBlockTableRecord
  2
*D25
340
0
 70
0
280
1
281
0
  0
BLOCK_RECORD
  5
2D7
330
9
100
AcDbSymbolTableRecord
100
AcDbBlockTableRecord
  2
*D26
340
0
 70
0
280
1
281
0
  0
BLOCK_RECORD
  5
2E6
330
9
100
AcDbSymbolTableRecord
100
AcDbBlockTableRecord
  2
*D27
340
0
 70
0
280
1
281
0
  0
BLOCK_RECORD
  5
2F5
330
9
100
AcDbSymbolTableRecord
100
AcDbBlockTableRecord
  2
*D28
340
0
 70
0
280
1
281
0
  0
BLOCK_RECORD
  5
304
330
9
100
AcDbSymbolTableRecord
100
AcDbBlockTableRecord
  2
*D29
340
0
 70
0
280
1
281
0
  0
BLOCK_RECORD
  5
313
330
9
100
AcDbSymbolTableRecord
100
AcDbBlockTableRecord
  2
*D30
340
0
 70
0
280
1
281
0
  0
BLOCK_RECORD
  5
322
330
9
100
AcDbSymbolTableRecord
100
AcDbBlockTableRecord
  2
*D31
340
0
 70
0
280
1
281
0
  0
BLOCK_RECORD
  5
331
330
9
100
AcDbSymbolTableRecord
100
AcDbBlockTableRecord
  2
*D32
340
0
 70
0
280
1
281
0
  0
BLOCK_RECORD
  5
340
330
9
100
AcDbSymbolTableRecord
100
AcDbBlockTableRecord
  2
*D33
340
0
 70
0
280
1
281
0
  0
BLOCK_RECORD
  5
34F
330
9
100
AcDbSymbolTableRecord
100
AcDbBlockTableRecord
  2
*D34
340
0
 70
0
280
1
281
0
  0
BLOCK_RECORD
  5
35E
330
9
100
AcDbSymbolTableRecord
100
AcDbBlockTableRecord
  2
*D35
340
0
 70
0
280
1
281
0
  0
BLOCK_RECORD
  5
36D
330
9
100
AcDbSymbolTableRecord
100
AcDbBlockTableRecord
  2
*D36
340
0
 70
0
280
1
281
0
  0
BLOCK_RECORD
  5
37C
330
9
100
AcDbSymbolTableRecord
100
AcDbBlockTableRecord
  2
*D37
340
0
 70
0
280
1
281
0
  0
BLOCK_RECORD
  5
38B
330
9
100
AcDbSymbolTableRecord
100
AcDbBlockTableRecord
  2
*D38
340
0
 70
0
280
1
281
0
  0
BLOCK_RECORD
  5
39A
330
9
100
AcDbSymbolTableRecord
100
AcDbBlockTableRecord
  2
*D39
340
0
 70
0
280
1
281
0
  0
BLOCK_RECORD
  5
3A9
330
9
100
AcDbSymbolTableRecord
100
AcDbBlockTableRecord
  2
*D40
340
0
 70
0
280
1
281
0
  0
BLOCK_RECORD
  5
3B6
330
9
100
AcDbSymbolTableRecord
100
AcDbBlockTableRecord
  2
*D41
340
0
 70
0
280
1
281
0
  0
BLOCK_RECORD
  5
3C3
330
9
100
AcDbSymbolTableRecord
100
AcDbBlockTableRecord
  2
*D42
340
0
 70
0
280
1
281
0
  0
BLOCK_RECORD
  5
3D0
330
9
100
AcDbSymbolTableRecord
100
AcDbBlockTableRecord
  2
*D43
340
0
 70
0
280
1
281
0
  0
BLOCK_RECORD
  5
3DD
330
9
100
AcDbSymbolTableRecord
100
AcDbBlockTableRecord
  2
*D44
340
0
 70
0
280
1
281
0
  0
BLOCK_RECORD
  5
3EA
330
9
100
AcDbSymbolTableRecord
100
AcDbBlockTableRecord
  2
*D45
340
0
 70
0
280
1
281
0
  0
BLOCK_RECORD
  5
3F7
330
9
100
AcDbSymbolTableRecord
100
AcDbBlockTableRecord
  2
*D46
340
0
 70
0
280
1
281
0
  0
BLOCK_RECORD
  5
406
330
9
100
AcDbSymbolTableRecord
100
AcDbBlockTableRecord
  2
*D47
340
0
 70
0
280
1
281
0
  0
BLOCK_RECORD
  5
415
330
9
100
AcDbSymbolTableRecord
100
AcDbBlockTableRecord
  2
*D48
340
0
 70
0
280
1
281
0
  0
BLOCK_RECORD
  5
426
330
9
100
AcDbSymbolTableRecord
100
AcDbBlockTableRecord
  2
*D49
340
0
 70
0
280
1
281
0
  0
BLOCK_RECORD
  5
435
330
9
100
AcDbSymbolTableRecord
100
AcDbBlockTableRecord
  2
*D50
340
0
 70
0
280
1
281
0
  0
BLOCK_RECORD
  5
442
330
9
100
AcDbSymbolTableRecord
100
AcDbBlockTableRecord
  2
*D51
340
0
 70
0
280
1
281
0
  0
BLOCK_RECORD
  5
44F
330
9
100
AcDbSymbolTableRecord
100
AcDbBlockTableRecord
  2
*D52
340
0
 70
0
280
1
281
0
  0
BLOCK_RECORD
  5
45C
330
9
100
AcDbSymbolTableRecord
100
AcDbBlockTableRecord
  2
*D53
340
0
 70
0
280
1
281
0
  0
BLOCK_RECORD
  5
469
330
9
100
AcDbSymbolTableRecord
100
AcDbBlockTableRecord
  2
*D54
340
0
 70
0
280
1
281
0
  0
BLOCK_RECORD
  5
476
330
9
100
AcDbSymbolTableRecord
100
AcDbBlockTableRecord
  2
*D55
340
0
 70
0
280
1
281
0
  0
BLOCK_RECORD
  5
483
330
9
100
AcDbSymbolTableRecord
100
AcDbBlockTableRecord
  2
*D56
340
0
 70
0
280
1
281
0
  0
BLOCK_RECORD
  5
490
330
9
100
AcDbSymbolTableRecord
100
AcDbBlockTableRecord
  2
*D57
340
0
 70
0
280
1
281
0
  0
BLOCK_RECORD
  5
49D
330
9
100
AcDbSymbolTableRecord
100
AcDbBlockTableRecord
  2
*D58
340
0
 70
0
280
1
281
0
  0
BLOCK_RECORD
  5
4AA
330
9
100
AcDbSymbolTableRecord
100
AcDbBlockTableRecord
  2
*D59
340
0
 70
0
280
1
281
0
  0
BLOCK_RECORD
  5
4B7
330
9
100
AcDbSymbolTableRecord
100
AcDbBlockTableRecord
  2
*D60
340
0
 70
0
280
1
281
0
  0
BLOCK_RECORD
  5
4C4
330
9
100
AcDbSymbolTableRecord
100
AcDbBlockTableRecord
  2
*D61
340
0
 70
0
280
1
281
0
  0
BLOCK_RECORD
  5
4D1
330
9
100
AcDbSymbolTableRecord
100
AcDbBlockTableRecord
  2
*D62
340
0
 70
0
280
1
281
0
  0
BLOCK_RECORD
  5
4E0
330
9
100
AcDbSymbolTableRecord
100
AcDbBlockTableRecord
  2
*D63
340
0
 70
0
280
1
281
0
  0
BLOCK_RECORD
  5
4EF
330
9
100
AcDbSymbolTableRecord
100
AcDbBlockTableRecord
  2
*D64
340
0
 70
0
280
1
281
0
  0
BLOCK_RECORD
  5
4FE
330
9
100
AcDbSymbolTableRecord
100
AcDbBlockTableRecord
  2
*D65
340
0
 70
0
280
1
281
0
  0
BLOCK_RECORD
  5
50B
330
9
100
AcDbSymbolTableRecord
100
AcDbBlockTableRecord
  2
*D66
340
0
 70
0
280
1
281
0
  0
BLOCK_RECORD
  5
51A
330
9
100
AcDbSymbolTableRecord
100
AcDbBlockTableRecord
  2
*D67
340
0
 70
0
280
1
281
0
  0
BLOCK_RECORD
  5
527
330
9
100
AcDbSymbolTableRecord
100
AcDbBlockTableRecord
  2
*D68
340
0
 70
0
280
1
281
0
  0
BLOCK_RECORD
  5
534
330
9
100
AcDbSymbolTableRecord
100
AcDbBlockTableRecord
  2
*D69
340
0
 70
0
280
1
281
0
  0
BLOCK_RECORD
  5
541
330
9
100
AcDbSymbolTableRecord
100
AcDbBlockTableRecord
  2
*D70
340
0
 70
0
280
1
281
0
  0
BLOCK_RECORD
  5
54E
330
9
100
AcDbSymbolTableRecord
100
AcDbBlockTableRecord
  2
*D71
340
0
 70
0
280
1
281
0
  0
BLOCK_RECORD
  5
55B
330
9
100
AcDbSymbolTableRecord
100
AcDbBlockTableRecord
  2
*D72
340
0
 70
0
280
1
281
0
  0
ENDTAB
  0
ENDSEC
  0
SECTION
  2
BLOCKS
  0
BLOCK
  5
18
330
17
100
AcDbEntity
  8
0
100
AcDbBlockBegin
  2
*Model_Space
 70
0
 10
0.0
 20
0.0
 30
0.0
  3
*Model_Space
  1

  0
ENDBLK
  5
19
330
17
100
AcDbEntity
  8
0
100
AcDbBlockEnd
  0
BLOCK
  5
1C
330
1B
100
AcDbEntity
  8
0
100
AcDbBlockBegin
  2
*Paper_Space
 70
0
 10
0.0
 20
0.0
 30
0.0
  3
*Paper_Space
  1

  0
ENDBLK
  5
1D
330
1B
100
AcDbEntity
  8
0
100
AcDbBlockEnd
  0
BLOCK
  5
75
330
74
100
AcDbEntity
  8
0
100
AcDbBlockBegin
  2
_ARCHTICK
 70
0
 10
0.0
 20
0.0
 30
0.0
  3
_ARCHTICK
  1

  0
LWPOLYLINE
  5
77
330
74
100
AcDbEntity
  8
0
  6
BYBLOCK
 62
0
100
AcDbPolyline
 90
2
 70
0
 43
0.15
 10
-0.5
 20
-0.5
 10
0.5
 20
0.5
  0
ENDBLK
  5
76
330
74
100
AcDbEntity
  8
0
100
AcDbBlockEnd
  0
BLOCK
  5
79
330
78
100
AcDbEntity
  8
0
100
AcDbBlockBegin
  2
_CLOSEDFILLED
 70
0
 10
0.0
 20
0.0
 30
0.0
  3
_CLOSEDFILLED
  1

  0
SOLID
  5
7B
330
78
100
AcDbEntity
  8
0
  6
BYBLOCK
 62
0
100
AcDbTrace
 10
-1.0
 20
0.16439898372402537
 30
0.0
 11
0.0
 21
0.0
 31
0.0
 12
-1.0
 22
-0.16439898372402537
 32
0.0
 13
-1.0
 23
-0.16439898372402537
 33
0.0
  0
ENDBLK
  5
7A
330
78
100
AcDbEntity
  8
0
100
AcDbBlockEnd
  0
BLOCK
  5
85
330
84
100
AcDbEntity
  8
0
100
AcDbBlockBegin
  2
_CLOSEDBLANK
 70
0
 10
0.0
 20
0.0
 30
0.0
  3
_CLOSEDBLANK
  1

  0
LWPOLYLINE
  5
87
330
84
100
AcDbEntity
  8
0
  6
BYBLOCK
 62
0
100
AcDbPolyline
 90
3
 70
1
 10
-1.0
 20
0.16439898372402537
 10
0.0
 20
0.0
 10
-1.0
 20
-0.16439898372402537
  0
ENDBLK
  5
86
330
84
100
AcDbEntity
  8
0
100
AcDbBlockEnd
  0
BLOCK
  5
15D
330
15C
100
AcDbEntity
  8
0
100
AcDbBlockBegin
  2
*D1
 70
1
 10
0.0
 20
0.0
 30
0.0
  3
*D1
  1

  0
LINE
  5
15F
330
15C
100
AcDbEntity
  8
0
100
AcDbLine
 10
0.0
 20
0.0
 30
0.0
 11
0.0
 21
800.0
 31
0.0
  0
LINE
  5
160
330
15C
100
AcDbEntity
  8
0
100
AcDbLine
 10
320.0
 20
0.0
 30
0.0
 11
320.0
 21
800.0
 31
0.0
  0
INSERT
  5
165
330
15C
100
AcDbEntity
  8
A-DIMS
100
AcDbBlockReference
  2
_OBLIQUE
 10
0.0
 20
700.0
 30
0.0
 41
150.0
 42
150.0
  0
INSERT
  5
167
330
15C
100
AcDbEntity
  8
A-DIMS
100
AcDbBlockReference
  2
_OBLIQUE
 10
320.0
 20
700.0
 30
0.0
 41
150.0
 42
150.0
  0
LINE
  5
169
330
15C
100
AcDbEntity
  8
0
100
AcDbLine
 10
-75.0
 20
700.0
 30
0.0
 11
395.0
 21
700.0
 31
0.0
  0
MTEXT
  5
16A
330
15C
100
AcDbEntity
  8
A-DIMS
100
AcDbMText
 10
160.0
 20
897.5
 30
0.0
 40
125.0
 71
5
  1
320
  7
PLAN
  0
POINT
  5
16B
330
15C
100
AcDbEntity
  8
Defpoints
100
AcDbPoint
 10
0.0
 20
700.0
 30
0.0
  0
POINT
  5
16C
330
15C
100
AcDbEntity
  8
Defpoints
100
AcDbPoint
 10
0.0
 20
0.0
 30
0.0
  0
POINT
  5
16D
330
15C
100
AcDbEntity
  8
Defpoints
100
AcDbPoint
 10
320.0
 20
0.0
 30
0.0
  0
ENDBLK
  5
15E
330
15C
100
AcDbEntity
  8
0
100
AcDbBlockEnd
  0
BLOCK
  5
162
330
161
100
AcDbEntity
  8
0
100
AcDbBlockBegin
  2
_OBLIQUE
 70
0
 10
0.0
 20
0.0
 30
0.0
  3
_OBLIQUE
  1

  0
LINE
  5
164
330
161
100
AcDbEntity
  8
0
  6
BYBLOCK
 62
0
100
AcDbLine
 10
-0.5
 20
-0.5
 30
0.0
 11
0.5
 21
0.5
 31
0.0
  0
ENDBLK
  5
163
330
161
100
AcDbEntity
  8
0
100
AcDbBlockEnd
  0
BLOCK
  5
170
330
16F
100
AcDbEntity
  8
0
100
AcDbBlockBegin
  2
*D2
 70
1
 10
0.0
 20
0.0
 30
0.0
  3
*D2
  1

  0
LINE
  5
172
330
16F
100
AcDbEntity
  8
0
100
AcDbLine
 10
320.0
 20
0.0
 30
0.0
 11
320.0
 21
800.0
 31
0.0
  0
LINE
  5
173
330
16F
100
AcDbEntity
  8
0
100
AcDbLine
 10
3920.0
 20
0.0
 30
0.0
 11
3920.0
 21
800.0
 31
0.0
  0
INSERT
  5
174
330
16F
100
AcDbEntity
  8
A-DIMS-SRC
100
AcDbBlockReference
  2
_OBLIQUE
 10
320.0
 20
700.0
 30
0.0
 41
150.0
 42
150.0
  0
INSERT
  5
176
330
16F
100
AcDbEntity
  8
A-DIMS-SRC
100
AcDbBlockReference
  2
_OBLIQUE
 10
3920.0
 20
700.0
 30
0.0
 41
150.0
 42
150.0
  0
LINE
  5
178
330
16F
100
AcDbEntity
  8
0
100
AcDbLine
 10
245.0
 20
700.0
 30
0.0
 11
3995.0
 21
700.0
 31
0.0
  0
MTEXT
  5
179
330
16F
100
AcDbEntity
  8
A-DIMS-SRC
100
AcDbMText
 10
2120.0
 20
797.5
 30
0.0
 40
125.0
 71
5
  1
3600
  7
PLAN
  0
POINT
  5
17A
330
16F
100
AcDbEntity
  8
Defpoints
100
AcDbPoint
 10
320.0
 20
700.0
 30
0.0
  0
POINT
  5
17B
330
16F
100
AcDbEntity
  8
Defpoints
100
AcDbPoint
 10
320.0
 20
0.0
 30
0.0
  0
POINT
  5
17C
330
16F
100
AcDbEntity
  8
Defpoints
100
AcDbPoint
 10
3920.0
 20
0.0
 30
0.0
  0
ENDBLK
  5
171
330
16F
100
AcDbEntity
  8
0
100
AcDbBlockEnd
  0
BLOCK
  5
17F
330
17E
100
AcDbEntity
  8
0
100
AcDbBlockBegin
  2
*D3
 70
1
 10
0.0
 20
0.0
 30
0.0
  3
*D3
  1

  0
LINE
  5
181
330
17E
100
AcDbEntity
  8
0
100
AcDbLine
 10
3920.0
 20
0.0
 30
0.0
 11
3920.0
 21
800.0
 31
0.0
  0
LINE
  5
182
330
17E
100
AcDbEntity
  8
0
100
AcDbLine
 10
5320.0
 20
0.0
 30
0.0
 11
5320.0
 21
800.0
 31
0.0
  0
INSERT
  5
183
330
17E
100
AcDbEntity
  8
A-DIMS
100
AcDbBlockReference
  2
_OBLIQUE
 10
3920.0
 20
700.0
 30
0.0
 41
150.0
 42
150.0
  0
INSERT
  5
185
330
17E
100
AcDbEntity
  8
A-DIMS
100
AcDbBlockReference
  2
_OBLIQUE
 10
5320.0
 20
700.0
 30
0.0
 41
150.0
 42
150.0
  0
LINE
  5
187
330
17E
100
AcDbEntity
  8
0
100
AcDbLine
 10
3845.0
 20
700.0
 30
0.0
 11
5395.0
 21
700.0
 31
0.0
  0
MTEXT
  5
188
330
17E
100
AcDbEntity
  8
A-DIMS
100
AcDbMText
 10
4620.0
 20
797.5
 30
0.0
 40
125.0
 71
5
  1
1400
  7
PLAN
  0
POINT
  5
189
330
17E
100
AcDbEntity
  8
Defpoints
100
AcDbPoint
 10
3920.0
 20
700.0
 30
0.0
  0
POINT
  5
18A
330
17E
100
AcDbEntity
  8
Defpoints
100
AcDbPoint
 10
3920.0
 20
0.0
 30
0.0
  0
POINT
  5
18B
330
17E
100
AcDbEntity
  8
Defpoints
100
AcDbPoint
 10
5320.0
 20
0.0
 30
0.0
  0
ENDBLK
  5
180
330
17E
100
AcDbEntity
  8
0
100
AcDbBlockEnd
  0
BLOCK
  5
18E
330
18D
100
AcDbEntity
  8
0
100
AcDbBlockBegin
  2
*D4
 70
1
 10
0.0
 20
0.0
 30
0.0
  3
*D4
  1

  0
LINE
  5
190
330
18D
100
AcDbEntity
  8
0
100
AcDbLine
 10
5320.0
 20
0.0
 30
0.0
 11
5320.0
 21
800.0
 31
0.0
  0
LINE
  5
191
330
18D
100
AcDbEntity
  8
0
100
AcDbLine
 10
5640.0
 20
0.0
 30
0.0
 11
5640.0
 21
800.0
 31
0.0
  0
INSERT
  5
192
330
18D
100
AcDbEntity
  8
A-DIMS
100
AcDbBlockReference
  2
_OBLIQUE
 10
5320.0
 20
700.0
 30
0.0
 41
150.0
 42
150.0
  0
INSERT
  5
194
330
18D
100
AcDbEntity
  8
A-DIMS
100
AcDbBlockReference
  2
_OBLIQUE
 10
5640.0
 20
700.0
 30
0.0
 41
150.0
 42
150.0
  0
LINE
  5
196
330
18D
100
AcDbEntity
  8
0
100
AcDbLine
 10
5245.0
 20
700.0
 30
0.0
 11
5715.0
 21
700.0
 31
0.0
  0
MTEXT
  5
197
330
18D
100
AcDbEntity
  8
A-DIMS
100
AcDbMText
 10
5480.0
 20
897.5
 30
0.0
 40
125.0
 71
5
  1
320
  7
PLAN
  0
POINT
  5
198
330
18D
100
AcDbEntity
  8
Defpoints
100
AcDbPoint
 10
5320.0
 20
700.0
 30
0.0
  0
POINT
  5
199
330
18D
100
AcDbEntity
  8
Defpoints
100
AcDbPoint
 10
5320.0
 20
0.0
 30
0.0
  0
POINT
  5
19A
330
18D
100
AcDbEntity
  8
Defpoints
100
AcDbPoint
 10
5640.0
 20
0.0
 30
0.0
  0
ENDBLK
  5
18F
330
18D
100
AcDbEntity
  8
0
100
AcDbBlockEnd
  0
BLOCK
  5
19D
330
19C
100
AcDbEntity
  8
0
100
AcDbBlockBegin
  2
*D5
 70
1
 10
0.0
 20
0.0
 30
0.0
  3
*D5
  1

  0
LINE
  5
19F
330
19C
100
AcDbEntity
  8
0
100
AcDbLine
 10
5640.0
 20
0.0
 30
0.0
 11
5640.0
 21
800.0
 31
0.0
  0
LINE
  5
1A0
330
19C
100
AcDbEntity
  8
0
100
AcDbLine
 10
10610.0
 20
0.0
 30
0.0
 11
10610.0
 21
800.0
 31
0.0
  0
INSERT
  5
1A1
330
19C
100
AcDbEntity
  8
A-DIMS-SRC
100
AcDbBlockReference
  2
_OBLIQUE
 10
5640.0
 20
700.0
 30
0.0
 41
150.0
 42
150.0
  0
INSERT
  5
1A3
330
19C
100
AcDbEntity
  8
A-DIMS-SRC
100
AcDbBlockReference
  2
_OBLIQUE
 10
10610.0
 20
700.0
 30
0.0
 41
150.0
 42
150.0
  0
LINE
  5
1A5
330
19C
100
AcDbEntity
  8
0
100
AcDbLine
 10
5565.0
 20
700.0
 30
0.0
 11
10685.0
 21
700.0
 31
0.0
  0
MTEXT
  5
1A6
330
19C
100
AcDbEntity
  8
A-DIMS-SRC
100
AcDbMText
 10
8125.0
 20
797.5
 30
0.0
 40
125.0
 71
5
  1
4970
  7
PLAN
  0
POINT
  5
1A7
330
19C
100
AcDbEntity
  8
Defpoints
100
AcDbPoint
 10
5640.0
 20
700.0
 30
0.0
  0
POINT
  5
1A8
330
19C
100
AcDbEntity
  8
Defpoints
100
AcDbPoint
 10
5640.0
 20
0.0
 30
0.0
  0
POINT
  5
1A9
330
19C
100
AcDbEntity
  8
Defpoints
100
AcDbPoint
 10
10610.0
 20
0.0
 30
0.0
  0
ENDBLK
  5
19E
330
19C
100
AcDbEntity
  8
0
100
AcDbBlockEnd
  0
BLOCK
  5
1AC
330
1AB
100
AcDbEntity
  8
0
100
AcDbBlockBegin
  2
*D6
 70
1
 10
0.0
 20
0.0
 30
0.0
  3
*D6
  1

  0
LINE
  5
1AE
330
1AB
100
AcDbEntity
  8
0
100
AcDbLine
 10
10610.0
 20
0.0
 30
0.0
 11
10610.0
 21
800.0
 31
0.0
  0
LINE
  5
1AF
330
1AB
100
AcDbEntity
  8
0
100
AcDbLine
 10
10930.0
 20
0.0
 30
0.0
 11
10930.0
 21
800.0
 31
0.0
  0
INSERT
  5
1B0
330
1AB
100
AcDbEntity
  8
A-DIMS
100
AcDbBlockReference
  2
_OBLIQUE
 10
10610.0
 20
700.0
 30
0.0
 41
150.0
 42
150.0
  0
INSERT
  5
1B2
330
1AB
100
AcDbEntity
  8
A-DIMS
100
AcDbBlockReference
  2
_OBLIQUE
 10
10930.0
 20
700.0
 30
0.0
 41
150.0
 42
150.0
  0
LINE
  5
1B4
330
1AB
100
AcDbEntity
  8
0
100
AcDbLine
 10
10535.0
 20
700.0
 30
0.0
 11
11005.0
 21
700.0
 31
0.0
  0
MTEXT
  5
1B5
330
1AB
100
AcDbEntity
  8
A-DIMS
100
AcDbMText
 10
10770.0
 20
897.5
 30
0.0
 40
125.0
 71
5
  1
320
  7
PLAN
  0
POINT
  5
1B6
330
1AB
100
AcDbEntity
  8
Defpoints
100
AcDbPoint
 10
10610.0
 20
700.0
 30
0.0
  0
POINT
  5
1B7
330
1AB
100
AcDbEntity
  8
Defpoints
100
AcDbPoint
 10
10610.0
 20
0.0
 30
0.0
  0
POINT
  5
1B8
330
1AB
100
AcDbEntity
  8
Defpoints
100
AcDbPoint
 10
10930.0
 20
0.0
 30
0.0
  0
ENDBLK
  5
1AD
330
1AB
100
AcDbEntity
  8
0
100
AcDbBlockEnd
  0
BLOCK
  5
1BB
330
1BA
100
AcDbEntity
  8
0
100
AcDbBlockBegin
  2
*D7
 70
1
 10
0.0
 20
0.0
 30
0.0
  3
*D7
  1

  0
LINE
  5
1BD
330
1BA
100
AcDbEntity
  8
0
100
AcDbLine
 10
0.0
 20
0.0
 30
0.0
 11
0.0
 21
1200.0
 31
0.0
  0
LINE
  5
1BE
330
1BA
100
AcDbEntity
  8
0
100
AcDbLine
 10
10930.0
 20
0.0
 30
0.0
 11
10930.0
 21
1200.0
 31
0.0
  0
INSERT
  5
1BF
330
1BA
100
AcDbEntity
  8
A-DIMS
100
AcDbBlockReference
  2
_OBLIQUE
 10
0.0
 20
1100.0
 30
0.0
 41
150.0
 42
150.0
  0
INSERT
  5
1C1
330
1BA
100
AcDbEntity
  8
A-DIMS
100
AcDbBlockReference
  2
_OBLIQUE
 10
10930.0
 20
1100.0
 30
0.0
 41
150.0
 42
150.0
  0
LINE
  5
1C3
330
1BA
100
AcDbEntity
  8
0
100
AcDbLine
 10
-75.0
 20
1100.0
 30
0.0
 11
11005.0
 21
1100.0
 31
0.0
  0
MTEXT
  5
1C4
330
1BA
100
AcDbEntity
  8
A-DIMS
100
AcDbMText
 10
5465.0
 20
1197.5
 30
0.0
 40
125.0
 71
5
  1
10930
  7
PLAN
  0
POINT
  5
1C5
330
1BA
100
AcDbEntity
  8
Defpoints
100
AcDbPoint
 10
0.0
 20
1100.0
 30
0.0
  0
POINT
  5
1C6
330
1BA
100
AcDbEntity
  8
Defpoints
100
AcDbPoint
 10
0.0
 20
0.0
 30
0.0
  0
POINT
  5
1C7
330
1BA
100
AcDbEntity
  8
Defpoints
100
AcDbPoint
 10
10930.0
 20
0.0
 30
0.0
  0
ENDBLK
  5
1BC
330
1BA
100
AcDbEntity
  8
0
100
AcDbBlockEnd
  0
BLOCK
  5
1CA
330
1C9
100
AcDbEntity
  8
0
100
AcDbBlockBegin
  2
*D8
 70
1
 10
0.0
 20
0.0
 30
0.0
  3
*D8
  1

  0
LINE
  5
1CC
330
1C9
100
AcDbEntity
  8
0
100
AcDbLine
 10
10930.0
 20
0.0
 30
0.0
 11
11730.0
 21
0.0
 31
0.0
  0
LINE
  5
1CD
330
1C9
100
AcDbEntity
  8
0
100
AcDbLine
 10
10930.0
 20
-320.0
 30
0.0
 11
11730.0
 21
-320.0
 31
0.0
  0
INSERT
  5
1CE
330
1C9
100
AcDbEntity
  8
A-DIMS
100
AcDbBlockReference
  2
_OBLIQUE
 10
11630.0
 20
0.0
 30
0.0
 41
150.0
 42
150.0
 50
-90.0
  0
INSERT
  5
1D0
330
1C9
100
AcDbEntity
  8
A-DIMS
100
AcDbBlockReference
  2
_OBLIQUE
 10
11630.0
 20
-320.0
 30
0.0
 41
150.0
 42
150.0
 50
-90.0
  0
LINE
  5
1D2
330
1C9
100
AcDbEntity
  8
0
100
AcDbLine
 10
11630.0
 20
75.0
 30
0.0
 11
11630.0
 21
-395.0
 31
0.0
  0
MTEXT
  5
1D3
330
1C9
100
AcDbEntity
  8
A-DIMS
100
AcDbMText
 10
11827.5
 20
-160.0
 30
0.0
 40
125.0
 71
5
  1
320
  7
PLAN
 50
-90.0
  0
POINT
  5
1D4
330
1C9
100
AcDbEntity
  8
Defpoints
100
AcDbPoint
 10
11630.0
 20
0.0
 30
0.0
  0
POINT
  5
1D5
330
1C9
100
AcDbEntity
  8
Defpoints
100
AcDbPoint
 10
10930.0
 20
0.0
 30
0.0
  0
POINT
  5
1D6
330
1C9
100
AcDbEntity
  8
Defpoints
100
AcDbPoint
 10
10930.0
 20
-320.0
 30
0.0
  0
ENDBLK
  5
1CB
330
1C9
100
AcDbEntity
  8
0
100
AcDbBlockEnd
  0
BLOCK
  5
1D9
330
1D8
100
AcDbEntity
  8
0
100
AcDbBlockBegin
  2
*D9
 70
1
 10
0.0
 20
0.0
 30
0.0
  3
*D9
  1

  0
LINE
  5
1DB
330
1D8
100
AcDbEntity
  8
0
100
AcDbLine
 10
10930.0
 20
-320.0
 30
0.0
 11
11730.0
 21
-320.0
 31
0.0
  0
LINE
  5
1DC
330
1D8
100
AcDbEntity
  8
0
100
AcDbLine
 10
10930.0
 20
-3320.0
 30
0.0
 11
11730.0
 21
-3320.0
 31
0.0
  0
INSERT
  5
1DD
330
1D8
100
AcDbEntity
  8
A-DIMS-SRC
100
AcDbBlockReference
  2
_OBLIQUE
 10
11630.0
 20
-320.0
 30
0.0
 41
150.0
 42
150.0
 50
-90.0
  0
INSERT
  5
1DF
330
1D8
100
AcDbEntity
  8
A-DIMS-SRC
100
AcDbBlockReference
  2
_OBLIQUE
 10
11630.0
 20
-3320.0
 30
0.0
 41
150.0
 42
150.0
 50
-90.0
  0
LINE
  5
1E1
330
1D8
100
AcDbEntity
  8
0
100
AcDbLine
 10
11630.0
 20
-245.0
 30
0.0
 11
11630.0
 21
-3395.0
 31
0.0
  0
MTEXT
  5
1E2
330
1D8
100
AcDbEntity
  8
A-DIMS-SRC
100
AcDbMText
 10
11727.5
 20
-1820.0
 30
0.0
 40
125.0
 71
5
  1
3000
  7
PLAN
 50
-90.0
  0
POINT
  5
1E3
330
1D8
100
AcDbEntity
  8
Defpoints
100
AcDbPoint
 10
11630.0
 20
-320.0
 30
0.0
  0
POINT
  5
1E4
330
1D8
100
AcDbEntity
  8
Defpoints
100
AcDbPoint
 10
10930.0
 20
-320.0
 30
0.0
  0
POINT
  5
1E5
330
1D8
100
AcDbEntity
  8
Defpoints
100
AcDbPoint
 10
10930.0
 20
-3320.0
 30
0.0
  0
ENDBLK
  5
1DA
330
1D8
100
AcDbEntity
  8
0
100
AcDbBlockEnd
  0
BLOCK
  5
1E8
330
1E7
100
AcDbEntity
  8
0
100
AcDbBlockBegin
  2
*D10
 70
1
 10
0.0
 20
0.0
 30
0.0
  3
*D10
  1

  0
LINE
  5
1EA
330
1E7
100
AcDbEntity
  8
0
100
AcDbLine
 10
10930.0
 20
-3320.0
 30
0.0
 11
11730.0
 21
-3320.0
 31
0.0
  0
LINE
  5
1EB
330
1E7
100
AcDbEntity
  8
0
100
AcDbLine
 10
10930.0
 20
-3640.0
 30
0.0
 11
11730.0
 21
-3640.0
 31
0.0
  0
INSERT
  5
1EC
330
1E7
100
AcDbEntity
  8
A-DIMS
100
AcDbBlockReference
  2
_OBLIQUE
 10
11630.0
 20
-3320.0
 30
0.0
 41
150.0
 42
150.0
 50
-90.0
  0
INSERT
  5
1EE
330
1E7
100
AcDbEntity
  8
A-DIMS
100
AcDbBlockReference
  2
_OBLIQUE
 10
11630.0
 20
-3640.0
 30
0.0
 41
150.0
 42
150.0
 50
-90.0
  0
LINE
  5
1F0
330
1E7
100
AcDbEntity
  8
0
100
AcDbLine
 10
11630.0
 20
-3245.0
 30
0.0
 11
11630.0
 21
-3715.0
 31
0.0
  0
MTEXT
  5
1F1
330
1E7
100
AcDbEntity
  8
A-DIMS
100
AcDbMText
 10
11827.5
 20
-3480.0
 30
0.0
 40
125.0
 71
5
  1
320
  7
PLAN
 50
-90.0
  0
POINT
  5
1F2
330
1E7
100
AcDbEntity
  8
Defpoints
100
AcDbPoint
 10
11630.0
 20
-3320.0
 30
0.0
  0
POINT
  5
1F3
330
1E7
100
AcDbEntity
  8
Defpoints
100
AcDbPoint
 10
10930.0
 20
-3320.0
 30
0.0
  0
POINT
  5
1F4
330
1E7
100
AcDbEntity
  8
Defpoints
100
AcDbPoint
 10
10930.0
 20
-3640.0
 30
0.0
  0
ENDBLK
  5
1E9
330
1E7
100
AcDbEntity
  8
0
100
AcDbBlockEnd
  0
BLOCK
  5
1F7
330
1F6
100
AcDbEntity
  8
0
100
AcDbBlockBegin
  2
*D11
 70
1
 10
0.0
 20
0.0
 30
0.0
  3
*D11
  1

  0
LINE
  5
1F9
330
1F6
100
AcDbEntity
  8
0
100
AcDbLine
 10
10930.0
 20
-3640.0
 30
0.0
 11
11730.0
 21
-3640.0
 31
0.0
  0
LINE
  5
1FA
330
1F6
100
AcDbEntity
  8
0
100
AcDbLine
 10
10930.0
 20
-6540.0
 30
0.0
 11
11730.0
 21
-6540.0
 31
0.0
  0
INSERT
  5
1FB
330
1F6
100
AcDbEntity
  8
A-DIMS-SRC
100
AcDbBlockReference
  2
_OBLIQUE
 10
11630.0
 20
-3640.0
 30
0.0
 41
150.0
 42
150.0
 50
-90.0
  0
INSERT
  5
1FD
330
1F6
100
AcDbEntity
  8
A-DIMS-SRC
100
AcDbBlockReference
  2
_OBLIQUE
 10
11630.0
 20
-6540.0
 30
0.0
 41
150.0
 42
150.0
 50
-90.0
  0
LINE
  5
1FF
330
1F6
100
AcDbEntity
  8
0
100
AcDbLine
 10
11630.0
 20
-3565.0
 30
0.0
 11
11630.0
 21
-6615.0
 31
0.0
  0
MTEXT
  5
200
330
1F6
100
AcDbEntity
  8
A-DIMS-SRC
100
AcDbMText
 10
11727.5
 20
-5090.0
 30
0.0
 40
125.0
 71
5
  1
2900
  7
PLAN
 50
-90.0
  0
POINT
  5
201
330
1F6
100
AcDbEntity
  8
Defpoints
100
AcDbPoint
 10
11630.0
 20
-3640.0
 30
0.0
  0
POINT
  5
202
330
1F6
100
AcDbEntity
  8
Defpoints
100
AcDbPoint
 10
10930.0
 20
-3640.0
 30
0.0
  0
POINT
  5
203
330
1F6
100
AcDbEntity
  8
Defpoints
100
AcDbPoint
 10
10930.0
 20
-6540.0
 30
0.0
  0
ENDBLK
  5
1F8
330
1F6
100
AcDbEntity
  8
0
100
AcDbBlockEnd
  0
BLOCK
  5
206
330
205
100
AcDbEntity
  8
0
100
AcDbBlockBegin
  2
*D12
 70
1
 10
0.0
 20
0.0
 30
0.0
  3
*D12
  1

  0
LINE
  5
208
330
205
100
AcDbEntity
  8
0
100
AcDbLine
 10
10930.0
 20
-6540.0
 30
0.0
 11
11730.0
 21
-6540.0
 31
0.0
  0
LINE
  5
209
330
205
100
AcDbEntity
  8
0
100
AcDbLine
 10
10930.0
 20
-6860.0
 30
0.0
 11
11730.0
 21
-6860.0
 31
0.0
  0
INSERT
  5
20A
330
205
100
AcDbEntity
  8
A-DIMS
100
AcDbBlockReference
  2
_OBLIQUE
 10
11630.0
 20
-6540.0
 30
0.0
 41
150.0
 42
150.0
 50
-90.0
  0
INSERT
  5
20C
330
205
100
AcDbEntity
  8
A-DIMS
100
AcDbBlockReference
  2
_OBLIQUE
 10
11630.0
 20
-6860.0
 30
0.0
 41
150.0
 42
150.0
 50
-90.0
  0
LINE
  5
20E
330
205
100
AcDbEntity
  8
0
100
AcDbLine
 10
11630.0
 20
-6465.0
 30
0.0
 11
11630.0
 21
-6935.0
 31
0.0
  0
MTEXT
  5
20F
330
205
100
AcDbEntity
  8
A-DIMS
100
AcDbMText
 10
11827.5
 20
-6700.0
 30
0.0
 40
125.0
 71
5
  1
320
  7
PLAN
 50
-90.0
  0
POINT
  5
210
330
205
100
AcDbEntity
  8
Defpoints
100
AcDbPoint
 10
11630.0
 20
-6540.0
 30
0.0
  0
POINT
  5
211
330
205
100
AcDbEntity
  8
Defpoints
100
AcDbPoint
 10
10930.0
 20
-6540.0
 30
0.0
  0
POINT
  5
212
330
205
100
AcDbEntity
  8
Defpoints
100
AcDbPoint
 10
10930.0
 20
-6860.0
 30
0.0
  0
ENDBLK
  5
207
330
205
100
AcDbEntity
  8
0
100
AcDbBlockEnd
  0
BLOCK
  5
215
330
214
100
AcDbEntity
  8
0
100
AcDbBlockBegin
  2
*D13
 70
1
 10
0.0
 20
0.0
 30
0.0
  3
*D13
  1

  0
LINE
  5
217
330
214
100
AcDbEntity
  8
0
100
AcDbLine
 10
10930.0
 20
-6860.0
 30
0.0
 11
11730.0
 21
-6860.0
 31
0.0
  0
LINE
  5
218
330
214
100
AcDbEntity
  8
0
100
AcDbLine
 10
10930.0
 20
-12710.0
 30
0.0
 11
11730.0
 21
-12710.0
 31
0.0
  0
INSERT
  5
219
330
214
100
AcDbEntity
  8
A-DIMS-SRC
100
AcDbBlockReference
  2
_OBLIQUE
 10
11630.0
 20
-6860.0
 30
0.0
 41
150.0
 42
150.0
 50
-90.0
  0
INSERT
  5
21B
330
214
100
AcDbEntity
  8
A-DIMS-SRC
100
AcDbBlockReference
  2
_OBLIQUE
 10
11630.0
 20
-12710.0
 30
0.0
 41
150.0
 42
150.0
 50
-90.0
  0
LINE
  5
21D
330
214
100
AcDbEntity
  8
0
100
AcDbLine
 10
11630.0
 20
-6785.0
 30
0.0
 11
11630.0
 21
-12785.0
 31
0.0
  0
MTEXT
  5
21E
330
214
100
AcDbEntity
  8
A-DIMS-SRC
100
AcDbMText
 10
11727.5
 20
-9785.0
 30
0.0
 40
125.0
 71
5
  1
5850
  7
PLAN
 50
-90.0
  0
POINT
  5
21F
330
214
100
AcDbEntity
  8
Defpoints
100
AcDbPoint
 10
11630.0
 20
-6860.0
 30
0.0
  0
POINT
  5
220
330
214
100
AcDbEntity
  8
Defpoints
100
AcDbPoint
 10
10930.0
 20
-6860.0
 30
0.0
  0
POINT
  5
221
330
214
100
AcDbEntity
  8
Defpoints
100
AcDbPoint
 10
10930.0
 20
-12710.0
 30
0.0
  0
ENDBLK
  5
216
330
214
100
AcDbEntity
  8
0
100
AcDbBlockEnd
  0
BLOCK
  5
224
330
223
100
AcDbEntity
  8
0
100
AcDbBlockBegin
  2
*D14
 70
1
 10
0.0
 20
0.0
 30
0.0
  3
*D14
  1

  0
LINE
  5
226
330
223
100
AcDbEntity
  8
0
100
AcDbLine
 10
10930.0
 20
-12710.0
 30
0.0
 11
11730.0
 21
-12710.0
 31
0.0
  0
LINE
  5
227
330
223
100
AcDbEntity
  8
0
100
AcDbLine
 10
10930.0
 20
-13030.0
 30
0.0
 11
11730.0
 21
-13030.0
 31
0.0
  0
INSERT
  5
228
330
223
100
AcDbEntity
  8
A-DIMS
100
AcDbBlockReference
  2
_OBLIQUE
 10
11630.0
 20
-12710.0
 30
0.0
 41
150.0
 42
150.0
 50
-90.0
  0
INSERT
  5
22A
330
223
100
AcDbEntity
  8
A-DIMS
100
AcDbBlockReference
  2
_OBLIQUE
 10
11630.0
 20
-13030.0
 30
0.0
 41
150.0
 42
150.0
 50
-90.0
  0
LINE
  5
22C
330
223
100
AcDbEntity
  8
0
100
AcDbLine
 10
11630.0
 20
-12635.0
 30
0.0
 11
11630.0
 21
-13105.0
 31
0.0
  0
MTEXT
  5
22D
330
223
100
AcDbEntity
  8
A-DIMS
100
AcDbMText
 10
11827.5
 20
-12870.0
 30
0.0
 40
125.0
 71
5
  1
320
  7
PLAN
 50
-90.0
  0
POINT
  5
22E
330
223
100
AcDbEntity
  8
Defpoints
100
AcDbPoint
 10
11630.0
 20
-12710.0
 30
0.0
  0
POINT
  5
22F
330
223
100
AcDbEntity
  8
Defpoints
100
AcDbPoint
 10
10930.0
 20
-12710.0
 30
0.0
  0
POINT
  5
230
330
223
100
AcDbEntity
  8
Defpoints
100
AcDbPoint
 10
10930.0
 20
-13030.0
 30
0.0
  0
ENDBLK
  5
225
330
223
100
AcDbEntity
  8
0
100
AcDbBlockEnd
  0
BLOCK
  5
233
330
232
100
AcDbEntity
  8
0
100
AcDbBlockBegin
  2
*D15
 70
1
 10
0.0
 20
0.0
 30
0.0
  3
*D15
  1

  0
LINE
  5
235
330
232
100
AcDbEntity
  8
0
100
AcDbLine
 10
10930.0
 20
-13030.0
 30
0.0
 11
11730.0
 21
-13030.0
 31
0.0
  0
LINE
  5
236
330
232
100
AcDbEntity
  8
0
100
AcDbLine
 10
10930.0
 20
-14680.0
 30
0.0
 11
11730.0
 21
-14680.0
 31
0.0
  0
INSERT
  5
237
330
232
100
AcDbEntity
  8
A-DIMS-SRC
100
AcDbBlockReference
  2
_OBLIQUE
 10
11630.0
 20
-13030.0
 30
0.0
 41
150.0
 42
150.0
 50
-90.0
  0
INSERT
  5
239
330
232
100
AcDbEntity
  8
A-DIMS-SRC
100
AcDbBlockReference
  2
_OBLIQUE
 10
11630.0
 20
-14680.0
 30
0.0
 41
150.0
 42
150.0
 50
-90.0
  0
LINE
  5
23B
330
232
100
AcDbEntity
  8
0
100
AcDbLine
 10
11630.0
 20
-12955.0
 30
0.0
 11
11630.0
 21
-14755.0
 31
0.0
  0
MTEXT
  5
23C
330
232
100
AcDbEntity
  8
A-DIMS-SRC
100
AcDbMText
 10
11727.5
 20
-13855.0
 30
0.0
 40
125.0
 71
5
  1
1650
  7
PLAN
 50
-90.0
  0
POINT
  5
23D
330
232
100
AcDbEntity
  8
Defpoints
100
AcDbPoint
 10
11630.0
 20
-13030.0
 30
0.0
  0
POINT
  5
23E
330
232
100
AcDbEntity
  8
Defpoints
100
AcDbPoint
 10
10930.0
 20
-13030.0
 30
0.0
  0
POINT
  5
23F
330
232
100
AcDbEntity
  8
Defpoints
100
AcDbPoint
 10
10930.0
 20
-14680.0
 30
0.0
  0
ENDBLK
  5
234
330
232
100
AcDbEntity
  8
0
100
AcDbBlockEnd
  0
BLOCK
  5
242
330
241
100
AcDbEntity
  8
0
100
AcDbBlockBegin
  2
*D16
 70
1
 10
0.0
 20
0.0
 30
0.0
  3
*D16
  1

  0
LINE
  5
244
330
241
100
AcDbEntity
  8
0
100
AcDbLine
 10
10930.0
 20
-14680.0
 30
0.0
 11
11730.0
 21
-14680.0
 31
0.0
  0
LINE
  5
245
330
241
100
AcDbEntity
  8
0
100
AcDbLine
 10
10930.0
 20
-15000.0
 30
0.0
 11
11730.0
 21
-15000.0
 31
0.0
  0
INSERT
  5
246
330
241
100
AcDbEntity
  8
A-DIMS
100
AcDbBlockReference
  2
_OBLIQUE
 10
11630.0
 20
-14680.0
 30
0.0
 41
150.0
 42
150.0
 50
-90.0
  0
INSERT
  5
248
330
241
100
AcDbEntity
  8
A-DIMS
100
AcDbBlockReference
  2
_OBLIQUE
 10
11630.0
 20
-15000.0
 30
0.0
 41
150.0
 42
150.0
 50
-90.0
  0
LINE
  5
24A
330
241
100
AcDbEntity
  8
0
100
AcDbLine
 10
11630.0
 20
-14605.0
 30
0.0
 11
11630.0
 21
-15075.0
 31
0.0
  0
MTEXT
  5
24B
330
241
100
AcDbEntity
  8
A-DIMS
100
AcDbMText
 10
11827.5
 20
-14840.0
 30
0.0
 40
125.0
 71
5
  1
320
  7
PLAN
 50
-90.0
  0
POINT
  5
24C
330
241
100
AcDbEntity
  8
Defpoints
100
AcDbPoint
 10
11630.0
 20
-14680.0
 30
0.0
  0
POINT
  5
24D
330
241
100
AcDbEntity
  8
Defpoints
100
AcDbPoint
 10
10930.0
 20
-14680.0
 30
0.0
  0
POINT
  5
24E
330
241
100
AcDbEntity
  8
Defpoints
100
AcDbPoint
 10
10930.0
 20
-15000.0
 30
0.0
  0
ENDBLK
  5
243
330
241
100
AcDbEntity
  8
0
100
AcDbBlockEnd
  0
BLOCK
  5
251
330
250
100
AcDbEntity
  8
0
100
AcDbBlockBegin
  2
*D17
 70
1
 10
0.0
 20
0.0
 30
0.0
  3
*D17
  1

  0
LINE
  5
253
330
250
100
AcDbEntity
  8
0
100
AcDbLine
 10
10930.0
 20
0.0
 30
0.0
 11
12130.0
 21
0.0
 31
0.0
  0
LINE
  5
254
330
250
100
AcDbEntity
  8
0
100
AcDbLine
 10
10930.0
 20
-15000.0
 30
0.0
 11
12130.0
 21
-15000.0
 31
0.0
  0
INSERT
  5
255
330
250
100
AcDbEntity
  8
A-DIMS
100
AcDbBlockReference
  2
_OBLIQUE
 10
12030.0
 20
0.0
 30
0.0
 41
150.0
 42
150.0
 50
-90.0
  0
INSERT
  5
257
330
250
100
AcDbEntity
  8
A-DIMS
100
AcDbBlockReference
  2
_OBLIQUE
 10
12030.0
 20
-15000.0
 30
0.0
 41
150.0
 42
150.0
 50
-90.0
  0
LINE
  5
259
330
250
100
AcDbEntity
  8
0
100
AcDbLine
 10
12030.0
 20
75.0
 30
0.0
 11
12030.0
 21
-15075.0
 31
0.0
  0
MTEXT
  5
25A
330
250
100
AcDbEntity
  8
A-DIMS
100
AcDbMText
 10
12127.5
 20
-7500.0
 30
0.0
 40
125.0
 71
5
  1
15000
  7
PLAN
 50
-90.0
  0
POINT
  5
25B
330
250
100
AcDbEntity
  8
Defpoints
100
AcDbPoint
 10
12030.0
 20
0.0
 30
0.0
  0
POINT
  5
25C
330
250
100
AcDbEntity
  8
Defpoints
100
AcDbPoint
 10
10930.0
 20
0.0
 30
0.0
  0
POINT
  5
25D
330
250
100
AcDbEntity
  8
Defpoints
100
AcDbPoint
 10
10930.0
 20
-15000.0
 30
0.0
  0
ENDBLK
  5
252
330
250
100
AcDbEntity
  8
0
100
AcDbBlockEnd
  0
BLOCK
  5
260
330
25F
100
AcDbEntity
  8
0
100
AcDbBlockBegin
  2
*D18
 70
1
 10
0.0
 20
0.0
 30
0.0
  3
*D18
  1

  0
LINE
  5
262
330
25F
100
AcDbEntity
  8
0
100
AcDbLine
 10
3920.0
 20
-15000.0
 30
0.0
 11
3920.0
 21
-15800.0
 31
0.0
  0
LINE
  5
263
330
25F
100
AcDbEntity
  8
0
100
AcDbLine
 10
4240.0
 20
-15000.0
 30
0.0
 11
4240.0
 21
-15800.0
 31
0.0
  0
INSERT
  5
264
330
25F
100
AcDbEntity
  8
A-DIMS
100
AcDbBlockReference
  2
_OBLIQUE
 10
3920.0
 20
-15700.0
 30
0.0
 41
150.0
 42
150.0
  0
INSERT
  5
266
330
25F
100
AcDbEntity
  8
A-DIMS
100
AcDbBlockReference
  2
_OBLIQUE
 10
4240.0
 20
-15700.0
 30
0.0
 41
150.0
 42
150.0
  0
LINE
  5
268
330
25F
100
AcDbEntity
  8
0
100
AcDbLine
 10
3845.0
 20
-15700.0
 30
0.0
 11
4315.0
 21
-15700.0
 31
0.0
  0
MTEXT
  5
269
330
25F
100
AcDbEntity
  8
A-DIMS
100
AcDbMText
 10
4080.0
 20
-15502.5
 30
0.0
 40
125.0
 71
5
  1
320
  7
PLAN
  0
POINT
  5
26A
330
25F
100
AcDbEntity
  8
Defpoints
100
AcDbPoint
 10
3920.0
 20
-15700.0
 30
0.0
  0
POINT
  5
26B
330
25F
100
AcDbEntity
  8
Defpoints
100
AcDbPoint
 10
3920.0
 20
-15000.0
 30
0.0
  0
POINT
  5
26C
330
25F
100
AcDbEntity
  8
Defpoints
100
AcDbPoint
 10
4240.0
 20
-15000.0
 30
0.0
  0
ENDBLK
  5
261
330
25F
100
AcDbEntity
  8
0
100
AcDbBlockEnd
  0
BLOCK
  5
26F
330
26E
100
AcDbEntity
  8
0
100
AcDbBlockBegin
  2
*D19
 70
1
 10
0.0
 20
0.0
 30
0.0
  3
*D19
  1

  0
LINE
  5
271
330
26E
100
AcDbEntity
  8
0
100
AcDbLine
 10
4240.0
 20
-15000.0
 30
0.0
 11
4240.0
 21
-15800.0
 31
0.0
  0
LINE
  5
272
330
26E
100
AcDbEntity
  8
0
100
AcDbLine
 10
7140.0
 20
-15000.0
 30
0.0
 11
7140.0
 21
-15800.0
 31
0.0
  0
INSERT
  5
273
330
26E
100
AcDbEntity
  8
A-DIMS-SRC
100
AcDbBlockReference
  2
_OBLIQUE
 10
4240.0
 20
-15700.0
 30
0.0
 41
150.0
 42
150.0
  0
INSERT
  5
275
330
26E
100
AcDbEntity
  8
A-DIMS-SRC
100
AcDbBlockReference
  2
_OBLIQUE
 10
7140.0
 20
-15700.0
 30
0.0
 41
150.0
 42
150.0
  0
LINE
  5
277
330
26E
100
AcDbEntity
  8
0
100
AcDbLine
 10
4165.0
 20
-15700.0
 30
0.0
 11
7215.0
 21
-15700.0
 31
0.0
  0
MTEXT
  5
278
330
26E
100
AcDbEntity
  8
A-DIMS-SRC
100
AcDbMText
 10
5690.0
 20
-15602.5
 30
0.0
 40
125.0
 71
5
  1
2900
  7
PLAN
  0
POINT
  5
279
330
26E
100
AcDbEntity
  8
Defpoints
100
AcDbPoint
 10
4240.0
 20
-15700.0
 30
0.0
  0
POINT
  5
27A
330
26E
100
AcDbEntity
  8
Defpoints
100
AcDbPoint
 10
4240.0
 20
-15000.0
 30
0.0
  0
POINT
  5
27B
330
26E
100
AcDbEntity
  8
Defpoints
100
AcDbPoint
 10
7140.0
 20
-15000.0
 30
0.0
  0
ENDBLK
  5
270
330
26E
100
AcDbEntity
  8
0
100
AcDbBlockEnd
  0
BLOCK
  5
27E
330
27D
100
AcDbEntity
  8
0
100
AcDbBlockBegin
  2
*D20
 70
1
 10
0.0
 20
0.0
 30
0.0
  3
*D20
  1

  0
LINE
  5
280
330
27D
100
AcDbEntity
  8
0
100
AcDbLine
 10
7140.0
 20
-15000.0
 30
0.0
 11
7140.0
 21
-15800.0
 31
0.0
  0
LINE
  5
281
330
27D
100
AcDbEntity
  8
0
100
AcDbLine
 10
7460.0
 20
-15000.0
 30
0.0
 11
7460.0
 21
-15800.0
 31
0.0
  0
INSERT
  5
282
330
27D
100
AcDbEntity
  8
A-DIMS
100
AcDbBlockReference
  2
_OBLIQUE
 10
7140.0
 20
-15700.0
 30
0.0
 41
150.0
 42
150.0
  0
INSERT
  5
284
330
27D
100
AcDbEntity
  8
A-DIMS
100
AcDbBlockReference
  2
_OBLIQUE
 10
7460.0
 20
-15700.0
 30
0.0
 41
150.0
 42
150.0
  0
LINE
  5
286
330
27D
100
AcDbEntity
  8
0
100
AcDbLine
 10
7065.0
 20
-15700.0
 30
0.0
 11
7535.0
 21
-15700.0
 31
0.0
  0
MTEXT
  5
287
330
27D
100
AcDbEntity
  8
A-DIMS
100
AcDbMText
 10
7300.0
 20
-15502.5
 30
0.0
 40
125.0
 71
5
  1
320
  7
PLAN
  0
POINT
  5
288
330
27D
100
AcDbEntity
  8
Defpoints
100
AcDbPoint
 10
7140.0
 20
-15700.0
 30
0.0
  0
POINT
  5
289
330
27D
100
AcDbEntity
  8
Defpoints
100
AcDbPoint
 10
7140.0
 20
-15000.0
 30
0.0
  0
POINT
  5
28A
330
27D
100
AcDbEntity
  8
Defpoints
100
AcDbPoint
 10
7460.0
 20
-15000.0
 30
0.0
  0
ENDBLK
  5
27F
330
27D
100
AcDbEntity
  8
0
100
AcDbBlockEnd
  0
BLOCK
  5
28D
330
28C
100
AcDbEntity
  8
0
100
AcDbBlockBegin
  2
*D21
 70
1
 10
0.0
 20
0.0
 30
0.0
  3
*D21
  1

  0
LINE
  5
28F
330
28C
100
AcDbEntity
  8
0
100
AcDbLine
 10
7460.0
 20
-15000.0
 30
0.0
 11
7460.0
 21
-15800.0
 31
0.0
  0
LINE
  5
290
330
28C
100
AcDbEntity
  8
0
100
AcDbLine
 10
10610.0
 20
-15000.0
 30
0.0
 11
10610.0
 21
-15800.0
 31
0.0
  0
INSERT
  5
291
330
28C
100
AcDbEntity
  8
A-DIMS-SRC
100
AcDbBlockReference
  2
_OBLIQUE
 10
7460.0
 20
-15700.0
 30
0.0
 41
150.0
 42
150.0
  0
INSERT
  5
293
330
28C
100
AcDbEntity
  8
A-DIMS-SRC
100
AcDbBlockReference
  2
_OBLIQUE
 10
10610.0
 20
-15700.0
 30
0.0
 41
150.0
 42
150.0
  0
LINE
  5
295
330
28C
100
AcDbEntity
  8
0
100
AcDbLine
 10
7385.0
 20
-15700.0
 30
0.0
 11
10685.0
 21
-15700.0
 31
0.0
  0
MTEXT
  5
296
330
28C
100
AcDbEntity
  8
A-DIMS-SRC
100
AcDbMText
 10
9035.0
 20
-15602.5
 30
0.0
 40
125.0
 71
5
  1
3150
  7
PLAN
  0
POINT
  5
297
330
28C
100
AcDbEntity
  8
Defpoints
100
AcDbPoint
 10
7460.0
 20
-15700.0
 30
0.0
  0
POINT
  5
298
330
28C
100
AcDbEntity
  8
Defpoints
100
AcDbPoint
 10
7460.0
 20
-15000.0
 30
0.0
  0
POINT
  5
299
330
28C
100
AcDbEntity
  8
Defpoints
100
AcDbPoint
 10
10610.0
 20
-15000.0
 30
0.0
  0
ENDBLK
  5
28E
330
28C
100
AcDbEntity
  8
0
100
AcDbBlockEnd
  0
BLOCK
  5
29C
330
29B
100
AcDbEntity
  8
0
100
AcDbBlockBegin
  2
*D22
 70
1
 10
0.0
 20
0.0
 30
0.0
  3
*D22
  1

  0
LINE
  5
29E
330
29B
100
AcDbEntity
  8
0
100
AcDbLine
 10
3920.0
 20
-15000.0
 30
0.0
 11
3920.0
 21
-16200.0
 31
0.0
  0
LINE
  5
29F
330
29B
100
AcDbEntity
  8
0
100
AcDbLine
 10
10930.0
 20
-15000.0
 30
0.0
 11
10930.0
 21
-16200.0
 31
0.0
  0
INSERT
  5
2A0
330
29B
100
AcDbEntity
  8
A-DIMS
100
AcDbBlockReference
  2
_OBLIQUE
 10
3920.0
 20
-16100.0
 30
0.0
 41
150.0
 42
150.0
  0
INSERT
  5
2A2
330
29B
100
AcDbEntity
  8
A-DIMS
100
AcDbBlockReference
  2
_OBLIQUE
 10
10930.0
 20
-16100.0
 30
0.0
 41
150.0
 42
150.0
  0
LINE
  5
2A4
330
29B
100
AcDbEntity
  8
0
100
AcDbLine
 10
3845.0
 20
-16100.0
 30
0.0
 11
11005.0
 21
-16100.0
 31
0.0
  0
MTEXT
  5
2A5
330
29B
100
AcDbEntity
  8
A-DIMS
100
AcDbMText
 10
7425.0
 20
-16002.5
 30
0.0
 40
125.0
 71
5
  1
7010
  7
PLAN
  0
POINT
  5
2A6
330
29B
100
AcDbEntity
  8
Defpoints
100
AcDbPoint
 10
3920.0
 20
-16100.0
 30
0.0
  0
POINT
  5
2A7
330
29B
100
AcDbEntity
  8
Defpoints
100
AcDbPoint
 10
3920.0
 20
-15000.0
 30
0.0
  0
POINT
  5
2A8
330
29B
100
AcDbEntity
  8
Defpoints
100
AcDbPoint
 10
10930.0
 20
-15000.0
 30
0.0
  0
ENDBLK
  5
29D
330
29B
100
AcDbEntity
  8
0
100
AcDbBlockEnd
  0
BLOCK
  5
2AB
330
2AA
100
AcDbEntity
  8
0
100
AcDbBlockBegin
  2
*D23
 70
1
 10
0.0
 20
0.0
 30
0.0
  3
*D23
  1

  0
LINE
  5
2AD
330
2AA
100
AcDbEntity
  8
0
100
AcDbLine
 10
0.0
 20
0.0
 30
0.0
 11
-1400.0
 21
0.0
 31
0.0
  0
LINE
  5
2AE
330
2AA
100
AcDbEntity
  8
0
100
AcDbLine
 10
0.0
 20
-620.0
 30
0.0
 11
-1400.0
 21
-620.0
 31
0.0
  0
INSERT
  5
2AF
330
2AA
100
AcDbEntity
  8
A-DIMS
100
AcDbBlockReference
  2
_OBLIQUE
 10
-1300.0
 20
0.0
 30
0.0
 41
150.0
 42
150.0
 50
-90.0
  0
INSERT
  5
2B1
330
2AA
100
AcDbEntity
  8
A-DIMS
100
AcDbBlockReference
  2
_OBLIQUE
 10
-1300.0
 20
-620.0
 30
0.0
 41
150.0
 42
150.0
 50
-90.0
  0
LINE
  5
2B3
330
2AA
100
AcDbEntity
  8
0
100
AcDbLine
 10
-1300.0
 20
75.0
 30
0.0
 11
-1300.0
 21
-695.0
 31
0.0
  0
MTEXT
  5
2B4
330
2AA
100
AcDbEntity
  8
A-DIMS
100
AcDbMText
 10
-1202.5
 20
-310.0
 30
0.0
 40
125.0
 71
5
  1
620
  7
PLAN
 50
-90.0
  0
POINT
  5
2B5
330
2AA
100
AcDbEntity
  8
Defpoints
100
AcDbPoint
 10
-1300.0
 20
0.0
 30
0.0
  0
POINT
  5
2B6
330
2AA
100
AcDbEntity
  8
Defpoints
100
AcDbPoint
 10
0.0
 20
0.0
 30
0.0
  0
POINT
  5
2B7
330
2AA
100
AcDbEntity
  8
Defpoints
100
AcDbPoint
 10
0.0
 20
-620.0
 30
0.0
  0
ENDBLK
  5
2AC
330
2AA
100
AcDbEntity
  8
0
100
AcDbBlockEnd
  0
BLOCK
  5
2BA
330
2B9
100
AcDbEntity
  8
0
100
AcDbBlockBegin
  2
*D24
 70
1
 10
0.0
 20
0.0
 30
0.0
  3
*D24
  1

  0
LINE
  5
2BC
330
2B9
100
AcDbEntity
  8
0
100
AcDbLine
 10
0.0
 20
-620.0
 30
0.0
 11
-1400.0
 21
-620.0
 31
0.0
  0
LINE
  5
2BD
330
2B9
100
AcDbEntity
  8
0
100
AcDbLine
 10
0.0
 20
-1580.0
 30
0.0
 11
-1400.0
 21
-1580.0
 31
0.0
  0
INSERT
  5
2BE
330
2B9
100
AcDbEntity
  8
A-DIMS
100
AcDbBlockReference
  2
_OBLIQUE
 10
-1300.0
 20
-620.0
 30
0.0
 41
150.0
 42
150.0
 50
-90.0
  0
INSERT
  5
2C0
330
2B9
100
AcDbEntity
  8
A-DIMS
100
AcDbBlockReference
  2
_OBLIQUE
 10
-1300.0
 20
-1580.0
 30
0.0
 41
150.0
 42
150.0
 50
-90.0
  0
LINE
  5
2C2
330
2B9
100
AcDbEntity
  8
0
100
AcDbLine
 10
-1300.0
 20
-545.0
 30
0.0
 11
-1300.0
 21
-1655.0
 31
0.0
  0
MTEXT
  5
2C3
330
2B9
100
AcDbEntity
  8
A-DIMS
100
AcDbMText
 10
-1202.5
 20
-1100.0
 30
0.0
 40
125.0
 71
5
  1
960
  7
PLAN
 50
-90.0
  0
POINT
  5
2C4
330
2B9
100
AcDbEntity
  8
Defpoints
100
AcDbPoint
 10
-1300.0
 20
-620.0
 30
0.0
  0
POINT
  5
2C5
330
2B9
100
AcDbEntity
  8
Defpoints
100
AcDbPoint
 10
0.0
 20
-620.0
 30
0.0
  0
POINT
  5
2C6
330
2B9
100
AcDbEntity
  8
Defpoints
100
AcDbPoint
 10
0.0
 20
-1580.0
 30
0.0
  0
ENDBLK
  5
2BB
330
2B9
100
AcDbEntity
  8
0
100
AcDbBlockEnd
  0
BLOCK
  5
2C9
330
2C8
100
AcDbEntity
  8
0
100
AcDbBlockBegin
  2
*D25
 70
1
 10
0.0
 20
0.0
 30
0.0
  3
*D25
  1

  0
LINE
  5
2CB
330
2C8
100
AcDbEntity
  8
0
100
AcDbLine
 10
0.0
 20
-1580.0
 30
0.0
 11
-1400.0
 21
-1580.0
 31
0.0
  0
LINE
  5
2CC
330
2C8
100
AcDbEntity
  8
0
100
AcDbLine
 10
0.0
 20
-2320.0
 30
0.0
 11
-1400.0
 21
-2320.0
 31
0.0
  0
INSERT
  5
2CD
330
2C8
100
AcDbEntity
  8
A-DIMS
100
AcDbBlockReference
  2
_OBLIQUE
 10
-1300.0
 20
-1580.0
 30
0.0
 41
150.0
 42
150.0
 50
-90.0
  0
INSERT
  5
2CF
330
2C8
100
AcDbEntity
  8
A-DIMS
100
AcDbBlockReference
  2
_OBLIQUE
 10
-1300.0
 20
-2320.0
 30
0.0
 41
150.0
 42
150.0
 50
-90.0
  0
LINE
  5
2D1
330
2C8
100
AcDbEntity
  8
0
100
AcDbLine
 10
-1300.0
 20
-1505.0
 30
0.0
 11
-1300.0
 21
-2395.0
 31
0.0
  0
MTEXT
  5
2D2
330
2C8
100
AcDbEntity
  8
A-DIMS
100
AcDbMText
 10
-1202.5
 20
-1950.0
 30
0.0
 40
125.0
 71
5
  1
740
  7
PLAN
 50
-90.0
  0
POINT
  5
2D3
330
2C8
100
AcDbEntity
  8
Defpoints
100
AcDbPoint
 10
-1300.0
 20
-1580.0
 30
0.0
  0
POINT
  5
2D4
330
2C8
100
AcDbEntity
  8
Defpoints
100
AcDbPoint
 10
0.0
 20
-1580.0
 30
0.0
  0
POINT
  5
2D5
330
2C8
100
AcDbEntity
  8
Defpoints
100
AcDbPoint
 10
0.0
 20
-2320.0
 30
0.0
  0
ENDBLK
  5
2CA
330
2C8
100
AcDbEntity
  8
0
100
AcDbBlockEnd
  0
BLOCK
  5
2D8
330
2D7
100
AcDbEntity
  8
0
100
AcDbBlockBegin
  2
*D26
 70
1
 10
0.0
 20
0.0
 30
0.0
  3
*D26
  1

  0
LINE
  5
2DA
330
2D7
100
AcDbEntity
  8
0
100
AcDbLine
 10
0.0
 20
-2320.0
 30
0.0
 11
-1400.0
 21
-2320.0
 31
0.0
  0
LINE
  5
2DB
330
2D7
100
AcDbEntity
  8
0
100
AcDbLine
 10
0.0
 20
-2640.0
 30
0.0
 11
-1400.0
 21
-2640.0
 31
0.0
  0
INSERT
  5
2DC
330
2D7
100
AcDbEntity
  8
A-DIMS
100
AcDbBlockReference
  2
_OBLIQUE
 10
-1300.0
 20
-2320.0
 30
0.0
 41
150.0
 42
150.0
 50
-90.0
  0
INSERT
  5
2DE
330
2D7
100
AcDbEntity
  8
A-DIMS
100
AcDbBlockReference
  2
_OBLIQUE
 10
-1300.0
 20
-2640.0
 30
0.0
 41
150.0
 42
150.0
 50
-90.0
  0
LINE
  5
2E0
330
2D7
100
AcDbEntity
  8
0
100
AcDbLine
 10
-1300.0
 20
-2245.0
 30
0.0
 11
-1300.0
 21
-2715.0
 31
0.0
  0
MTEXT
  5
2E1
330
2D7
100
AcDbEntity
  8
A-DIMS
100
AcDbMText
 10
-1102.5
 20
-2480.0
 30
0.0
 40
125.0
 71
5
  1
320
  7
PLAN
 50
-90.0
  0
POINT
  5
2E2
330
2D7
100
AcDbEntity
  8
Defpoints
100
AcDbPoint
 10
-1300.0
 20
-2320.0
 30
0.0
  0
POINT
  5
2E3
330
2D7
100
AcDbEntity
  8
Defpoints
100
AcDbPoint
 10
0.0
 20
-2320.0
 30
0.0
  0
POINT
  5
2E4
330
2D7
100
AcDbEntity
  8
Defpoints
100
AcDbPoint
 10
0.0
 20
-2640.0
 30
0.0
  0
ENDBLK
  5
2D9
330
2D7
100
AcDbEntity
  8
0
100
AcDbBlockEnd
  0
BLOCK
  5
2E7
330
2E6
100
AcDbEntity
  8
0
100
AcDbBlockBegin
  2
*D27
 70
1
 10
0.0
 20
0.0
 30
0.0
  3
*D27
  1

  0
LINE
  5
2E9
330
2E6
100
AcDbEntity
  8
0
100
AcDbLine
 10
1700.0
 20
-2640.0
 30
0.0
 11
900.0
 21
-2640.0
 31
0.0
  0
LINE
  5
2EA
330
2E6
100
AcDbEntity
  8
0
100
AcDbLine
 10
1700.0
 20
-5090.0
 30
0.0
 11
900.0
 21
-5090.0
 31
0.0
  0
INSERT
  5
2EB
330
2E6
100
AcDbEntity
  8
A-DIMS-SRC
100
AcDbBlockReference
  2
_OBLIQUE
 10
1000.0
 20
-2640.0
 30
0.0
 41
150.0
 42
150.0
 50
-90.0
  0
INSERT
  5
2ED
330
2E6
100
AcDbEntity
  8
A-DIMS-SRC
100
AcDbBlockReference
  2
_OBLIQUE
 10
1000.0
 20
-5090.0
 30
0.0
 41
150.0
 42
150.0
 50
-90.0
  0
LINE
  5
2EF
330
2E6
100
AcDbEntity
  8
0
100
AcDbLine
 10
1000.0
 20
-2565.0
 30
0.0
 11
1000.0
 21
-5165.0
 31
0.0
  0
MTEXT
  5
2F0
330
2E6
100
AcDbEntity
  8
A-DIMS-SRC
100
AcDbMText
 10
1097.5
 20
-3865.0
 30
0.0
 40
125.0
 71
5
  1
2450
  7
PLAN
 50
-90.0
  0
POINT
  5
2F1
330
2E6
100
AcDbEntity
  8
Defpoints
100
AcDbPoint
 10
1000.0
 20
-2640.0
 30
0.0
  0
POINT
  5
2F2
330
2E6
100
AcDbEntity
  8
Defpoints
100
AcDbPoint
 10
1700.0
 20
-2640.0
 30
0.0
  0
POINT
  5
2F3
330
2E6
100
AcDbEntity
  8
Defpoints
100
AcDbPoint
 10
1700.0
 20
-5090.0
 30
0.0
  0
ENDBLK
  5
2E8
330
2E6
100
AcDbEntity
  8
0
100
AcDbBlockEnd
  0
BLOCK
  5
2F6
330
2F5
100
AcDbEntity
  8
0
100
AcDbBlockBegin
  2
*D28
 70
1
 10
0.0
 20
0.0
 30
0.0
  3
*D28
  1

  0
LINE
  5
2F8
330
2F5
100
AcDbEntity
  8
0
100
AcDbLine
 10
1700.0
 20
-5090.0
 30
0.0
 11
900.0
 21
-5090.0
 31
0.0
  0
LINE
  5
2F9
330
2F5
100
AcDbEntity
  8
0
100
AcDbLine
 10
1700.0
 20
-5410.0
 30
0.0
 11
900.0
 21
-5410.0
 31
0.0
  0
INSERT
  5
2FA
330
2F5
100
AcDbEntity
  8
A-DIMS
100
AcDbBlockReference
  2
_OBLIQUE
 10
1000.0
 20
-5090.0
 30
0.0
 41
150.0
 42
150.0
 50
-90.0
  0
INSERT
  5
2FC
330
2F5
100
AcDbEntity
  8
A-DIMS
100
AcDbBlockReference
  2
_OBLIQUE
 10
1000.0
 20
-5410.0
 30
0.0
 41
150.0
 42
150.0
 50
-90.0
  0
LINE
  5
2FE
330
2F5
100
AcDbEntity
  8
0
100
AcDbLine
 10
1000.0
 20
-5015.0
 30
0.0
 11
1000.0
 21
-5485.0
 31
0.0
  0
MTEXT
  5
2FF
330
2F5
100
AcDbEntity
  8
A-DIMS
100
AcDbMText
 10
1197.5
 20
-5250.0
 30
0.0
 40
125.0
 71
5
  1
320
  7
PLAN
 50
-90.0
  0
POINT
  5
300
330
2F5
100
AcDbEntity
  8
Defpoints
100
AcDbPoint
 10
1000.0
 20
-5090.0
 30
0.0
  0
POINT
  5
301
330
2F5
100
AcDbEntity
  8
Defpoints
100
AcDbPoint
 10
1700.0
 20
-5090.0
 30
0.0
  0
POINT
  5
302
330
2F5
100
AcDbEntity
  8
Defpoints
100
AcDbPoint
 10
1700.0
 20
-5410.0
 30
0.0
  0
ENDBLK
  5
2F7
330
2F5
100
AcDbEntity
  8
0
100
AcDbBlockEnd
  0
BLOCK
  5
305
330
304
100
AcDbEntity
  8
0
100
AcDbBlockBegin
  2
*D29
 70
1
 10
0.0
 20
0.0
 30
0.0
  3
*D29
  1

  0
LINE
  5
307
330
304
100
AcDbEntity
  8
0
100
AcDbLine
 10
1700.0
 20
-4040.0
 30
0.0
 11
1250.0
 21
-4040.0
 31
0.0
  0
LINE
  5
308
330
304
100
AcDbEntity
  8
0
100
AcDbLine
 10
1700.0
 20
-5090.0
 30
0.0
 11
1250.0
 21
-5090.0
 31
0.0
  0
INSERT
  5
309
330
304
100
AcDbEntity
  8
A-DIMS
100
AcDbBlockReference
  2
_OBLIQUE
 10
1350.0
 20
-4040.0
 30
0.0
 41
150.0
 42
150.0
 50
-90.0
  0
INSERT
  5
30B
330
304
100
AcDbEntity
  8
A-DIMS
100
AcDbBlockReference
  2
_OBLIQUE
 10
1350.0
 20
-5090.0
 30
0.0
 41
150.0
 42
150.0
 50
-90.0
  0
LINE
  5
30D
330
304
100
AcDbEntity
  8
0
100
AcDbLine
 10
1350.0
 20
-3965.0
 30
0.0
 11
1350.0
 21
-5165.0
 31
0.0
  0
MTEXT
  5
30E
330
304
100
AcDbEntity
  8
A-DIMS
100
AcDbMText
 10
1447.5
 20
-4565.0
 30
0.0
 40
125.0
 71
5
  1
1050
  7
PLAN
 50
-90.0
  0
POINT
  5
30F
330
304
100
AcDbEntity
  8
Defpoints
100
AcDbPoint
 10
1350.0
 20
-4040.0
 30
0.0
  0
POINT
  5
310
330
304
100
AcDbEntity
  8
Defpoints
100
AcDbPoint
 10
1700.0
 20
-4040.0
 30
0.0
  0
POINT
  5
311
330
304
100
AcDbEntity
  8
Defpoints
100
AcDbPoint
 10
1700.0
 20
-5090.0
 30
0.0
  0
ENDBLK
  5
306
330
304
100
AcDbEntity
  8
0
100
AcDbBlockEnd
  0
BLOCK
  5
314
330
313
100
AcDbEntity
  8
0
100
AcDbBlockBegin
  2
*D30
 70
1
 10
0.0
 20
0.0
 30
0.0
  3
*D30
  1

  0
LINE
  5
316
330
313
100
AcDbEntity
  8
0
100
AcDbLine
 10
0.0
 20
-2640.0
 30
0.0
 11
0.0
 21
-6010.0
 31
0.0
  0
LINE
  5
317
330
313
100
AcDbEntity
  8
0
100
AcDbLine
 10
1700.0
 20
-5410.0
 30
0.0
 11
1700.0
 21
-6010.0
 31
0.0
  0
INSERT
  5
318
330
313
100
AcDbEntity
  8
A-DIMS
100
AcDbBlockReference
  2
_OBLIQUE
 10
0.0
 20
-5910.0
 30
0.0
 41
150.0
 42
150.0
  0
INSERT
  5
31A
330
313
100
AcDbEntity
  8
A-DIMS
100
AcDbBlockReference
  2
_OBLIQUE
 10
1700.0
 20
-5910.0
 30
0.0
 41
150.0
 42
150.0
  0
LINE
  5
31C
330
313
100
AcDbEntity
  8
0
100
AcDbLine
 10
-74.99999999999999
 20
-5910.0
 30
0.0
 11
1775.0
 21
-5910.0
 31
0.0
  0
MTEXT
  5
31D
330
313
100
AcDbEntity
  8
A-DIMS
100
AcDbMText
 10
850.0
 20
-5812.5
 30
0.0
 40
125.0
 71
5
  1
1700
  7
PLAN
  0
POINT
  5
31E
330
313
100
AcDbEntity
  8
Defpoints
100
AcDbPoint
 10
0.0
 20
-5910.0
 30
0.0
  0
POINT
  5
31F
330
313
100
AcDbEntity
  8
Defpoints
100
AcDbPoint
 10
0.0
 20
-2640.0
 30
0.0
  0
POINT
  5
320
330
313
100
AcDbEntity
  8
Defpoints
100
AcDbPoint
 10
1700.0
 20
-5410.0
 30
0.0
  0
ENDBLK
  5
315
330
313
100
AcDbEntity
  8
0
100
AcDbBlockEnd
  0
BLOCK
  5
323
330
322
100
AcDbEntity
  8
0
100
AcDbBlockBegin
  2
*D31
 70
1
 10
0.0
 20
0.0
 30
0.0
  3
*D31
  1

  0
LINE
  5
325
330
322
100
AcDbEntity
  8
0
100
AcDbLine
 10
3920.0
 20
-5410.0
 30
0.0
 11
3120.0
 21
-5410.0
 31
0.0
  0
LINE
  5
326
330
322
100
AcDbEntity
  8
0
100
AcDbLine
 10
3920.0
 20
-6360.0
 30
0.0
 11
3120.0
 21
-6360.0
 31
0.0
  0
INSERT
  5
327
330
322
100
AcDbEntity
  8
A-DIMS
100
AcDbBlockReference
  2
_OBLIQUE
 10
3220.0
 20
-5410.0
 30
0.0
 41
150.0
 42
150.0
 50
-90.0
  0
INSERT
  5
329
330
322
100
AcDbEntity
  8
A-DIMS
100
AcDbBlockReference
  2
_OBLIQUE
 10
3220.0
 20
-6360.0
 30
0.0
 41
150.0
 42
150.0
 50
-90.0
  0
LINE
  5
32B
330
322
100
AcDbEntity
  8
0
100
AcDbLine
 10
3220.0
 20
-5335.0
 30
0.0
 11
3220.0
 21
-6435.0
 31
0.0
  0
MTEXT
  5
32C
330
322
100
AcDbEntity
  8
A-DIMS
100
AcDbMText
 10
3317.5
 20
-5885.0
 30
0.0
 40
125.0
 71
5
  1
950
  7
PLAN
 50
-90.0
  0
POINT
  5
32D
330
322
100
AcDbEntity
  8
Defpoints
100
AcDbPoint
 10
3220.0
 20
-5410.0
 30
0.0
  0
POINT
  5
32E
330
322
100
AcDbEntity
  8
Defpoints
100
AcDbPoint
 10
3920.0
 20
-5410.0
 30
0.0
  0
POINT
  5
32F
330
322
100
AcDbEntity
  8
Defpoints
100
AcDbPoint
 10
3920.0
 20
-6360.0
 30
0.0
  0
ENDBLK
  5
324
330
322
100
AcDbEntity
  8
0
100
AcDbBlockEnd
  0
BLOCK
  5
332
330
331
100
AcDbEntity
  8
0
100
AcDbBlockBegin
  2
*D32
 70
1
 10
0.0
 20
0.0
 30
0.0
  3
*D32
  1

  0
LINE
  5
334
330
331
100
AcDbEntity
  8
0
100
AcDbLine
 10
3920.0
 20
-6360.0
 30
0.0
 11
3120.0
 21
-6360.0
 31
0.0
  0
LINE
  5
335
330
331
100
AcDbEntity
  8
0
100
AcDbLine
 10
3920.0
 20
-6860.0
 30
0.0
 11
3120.0
 21
-6860.0
 31
0.0
  0
INSERT
  5
336
330
331
100
AcDbEntity
  8
A-DIMS
100
AcDbBlockReference
  2
_OBLIQUE
 10
3220.0
 20
-6360.0
 30
0.0
 41
150.0
 42
150.0
 50
-90.0
  0
INSERT
  5
338
330
331
100
AcDbEntity
  8
A-DIMS
100
AcDbBlockReference
  2
_OBLIQUE
 10
3220.0
 20
-6860.0
 30
0.0
 41
150.0
 42
150.0
 50
-90.0
  0
LINE
  5
33A
330
331
100
AcDbEntity
  8
0
100
AcDbLine
 10
3220.0
 20
-6285.0
 30
0.0
 11
3220.0
 21
-6935.0
 31
0.0
  0
MTEXT
  5
33B
330
331
100
AcDbEntity
  8
A-DIMS
100
AcDbMText
 10
3317.5
 20
-6610.0
 30
0.0
 40
125.0
 71
5
  1
500
  7
PLAN
 50
-90.0
  0
POINT
  5
33C
330
331
100
AcDbEntity
  8
Defpoints
100
AcDbPoint
 10
3220.0
 20
-6360.0
 30
0.0
  0
POINT
  5
33D
330
331
100
AcDbEntity
  8
Defpoints
100
AcDbPoint
 10
3920.0
 20
-6360.0
 30
0.0
  0
POINT
  5
33E
330
331
100
AcDbEntity
  8
Defpoints
100
AcDbPoint
 10
3920.0
 20
-6860.0
 30
0.0
  0
ENDBLK
  5
333
330
331
100
AcDbEntity
  8
0
100
AcDbBlockEnd
  0
BLOCK
  5
341
330
340
100
AcDbEntity
  8
0
100
AcDbBlockBegin
  2
*D33
 70
1
 10
0.0
 20
0.0
 30
0.0
  3
*D33
  1

  0
LINE
  5
343
330
340
100
AcDbEntity
  8
0
100
AcDbLine
 10
3920.0
 20
-6860.0
 30
0.0
 11
3120.0
 21
-6860.0
 31
0.0
  0
LINE
  5
344
330
340
100
AcDbEntity
  8
0
100
AcDbLine
 10
3920.0
 20
-12530.0
 30
0.0
 11
3120.0
 21
-12530.0
 31
0.0
  0
INSERT
  5
345
330
340
100
AcDbEntity
  8
A-DIMS
100
AcDbBlockReference
  2
_OBLIQUE
 10
3220.0
 20
-6860.0
 30
0.0
 41
150.0
 42
150.0
 50
-90.0
  0
INSERT
  5
347
330
340
100
AcDbEntity
  8
A-DIMS
100
AcDbBlockReference
  2
_OBLIQUE
 10
3220.0
 20
-12530.0
 30
0.0
 41
150.0
 42
150.0
 50
-90.0
  0
LINE
  5
349
330
340
100
AcDbEntity
  8
0
100
AcDbLine
 10
3220.0
 20
-6785.0
 30
0.0
 11
3220.0
 21
-12605.0
 31
0.0
  0
MTEXT
  5
34A
330
340
100
AcDbEntity
  8
A-DIMS
100
AcDbMText
 10
3317.5
 20
-9695.0
 30
0.0
 40
125.0
 71
5
  1
5670
  7
PLAN
 50
-90.0
  0
POINT
  5
34B
330
340
100
AcDbEntity
  8
Defpoints
100
AcDbPoint
 10
3220.0
 20
-6860.0
 30
0.0
  0
POINT
  5
34C
330
340
100
AcDbEntity
  8
Defpoints
100
AcDbPoint
 10
3920.0
 20
-6860.0
 30
0.0
  0
POINT
  5
34D
330
340
100
AcDbEntity
  8
Defpoints
100
AcDbPoint
 10
3920.0
 20
-12530.0
 30
0.0
  0
ENDBLK
  5
342
330
340
100
AcDbEntity
  8
0
100
AcDbBlockEnd
  0
BLOCK
  5
350
330
34F
100
AcDbEntity
  8
0
100
AcDbBlockBegin
  2
*D34
 70
1
 10
0.0
 20
0.0
 30
0.0
  3
*D34
  1

  0
LINE
  5
352
330
34F
100
AcDbEntity
  8
0
100
AcDbLine
 10
3920.0
 20
-12530.0
 30
0.0
 11
3120.0
 21
-12530.0
 31
0.0
  0
LINE
  5
353
330
34F
100
AcDbEntity
  8
0
100
AcDbLine
 10
3920.0
 20
-13030.0
 30
0.0
 11
3120.0
 21
-13030.0
 31
0.0
  0
INSERT
  5
354
330
34F
100
AcDbEntity
  8
A-DIMS
100
AcDbBlockReference
  2
_OBLIQUE
 10
3220.0
 20
-12530.0
 30
0.0
 41
150.0
 42
150.0
 50
-90.0
  0
INSERT
  5
356
330
34F
100
AcDbEntity
  8
A-DIMS
100
AcDbBlockReference
  2
_OBLIQUE
 10
3220.0
 20
-13030.0
 30
0.0
 41
150.0
 42
150.0
 50
-90.0
  0
LINE
  5
358
330
34F
100
AcDbEntity
  8
0
100
AcDbLine
 10
3220.0
 20
-12455.0
 30
0.0
 11
3220.0
 21
-13105.0
 31
0.0
  0
MTEXT
  5
359
330
34F
100
AcDbEntity
  8
A-DIMS
100
AcDbMText
 10
3317.5
 20
-12780.0
 30
0.0
 40
125.0
 71
5
  1
500
  7
PLAN
 50
-90.0
  0
POINT
  5
35A
330
34F
100
AcDbEntity
  8
Defpoints
100
AcDbPoint
 10
3220.0
 20
-12530.0
 30
0.0
  0
POINT
  5
35B
330
34F
100
AcDbEntity
  8
Defpoints
100
AcDbPoint
 10
3920.0
 20
-12530.0
 30
0.0
  0
POINT
  5
35C
330
34F
100
AcDbEntity
  8
Defpoints
100
AcDbPoint
 10
3920.0
 20
-13030.0
 30
0.0
  0
ENDBLK
  5
351
330
34F
100
AcDbEntity
  8
0
100
AcDbBlockEnd
  0
BLOCK
  5
35F
330
35E
100
AcDbEntity
  8
0
100
AcDbBlockBegin
  2
*D35
 70
1
 10
0.0
 20
0.0
 30
0.0
  3
*D35
  1

  0
LINE
  5
361
330
35E
100
AcDbEntity
  8
0
100
AcDbLine
 10
3920.0
 20
-13030.0
 30
0.0
 11
3120.0
 21
-13030.0
 31
0.0
  0
LINE
  5
362
330
35E
100
AcDbEntity
  8
0
100
AcDbLine
 10
3920.0
 20
-14450.0
 30
0.0
 11
3120.0
 21
-14450.0
 31
0.0
  0
INSERT
  5
363
330
35E
100
AcDbEntity
  8
A-DIMS
100
AcDbBlockReference
  2
_OBLIQUE
 10
3220.0
 20
-13030.0
 30
0.0
 41
150.0
 42
150.0
 50
-90.0
  0
INSERT
  5
365
330
35E
100
AcDbEntity
  8
A-DIMS
100
AcDbBlockReference
  2
_OBLIQUE
 10
3220.0
 20
-14450.0
 30
0.0
 41
150.0
 42
150.0
 50
-90.0
  0
LINE
  5
367
330
35E
100
AcDbEntity
  8
0
100
AcDbLine
 10
3220.0
 20
-12955.0
 30
0.0
 11
3220.0
 21
-14525.0
 31
0.0
  0
MTEXT
  5
368
330
35E
100
AcDbEntity
  8
A-DIMS
100
AcDbMText
 10
3317.5
 20
-13740.0
 30
0.0
 40
125.0
 71
5
  1
1420
  7
PLAN
 50
-90.0
  0
POINT
  5
369
330
35E
100
AcDbEntity
  8
Defpoints
100
AcDbPoint
 10
3220.0
 20
-13030.0
 30
0.0
  0
POINT
  5
36A
330
35E
100
AcDbEntity
  8
Defpoints
100
AcDbPoint
 10
3920.0
 20
-13030.0
 30
0.0
  0
POINT
  5
36B
330
35E
100
AcDbEntity
  8
Defpoints
100
AcDbPoint
 10
3920.0
 20
-14450.0
 30
0.0
  0
ENDBLK
  5
360
330
35E
100
AcDbEntity
  8
0
100
AcDbBlockEnd
  0
BLOCK
  5
36E
330
36D
100
AcDbEntity
  8
0
100
AcDbBlockBegin
  2
*D36
 70
1
 10
0.0
 20
0.0
 30
0.0
  3
*D36
  1

  0
LINE
  5
370
330
36D
100
AcDbEntity
  8
0
100
AcDbLine
 10
3920.0
 20
-14450.0
 30
0.0
 11
3120.0
 21
-14450.0
 31
0.0
  0
LINE
  5
371
330
36D
100
AcDbEntity
  8
0
100
AcDbLine
 10
3920.0
 20
-15000.0
 30
0.0
 11
3120.0
 21
-15000.0
 31
0.0
  0
INSERT
  5
372
330
36D
100
AcDbEntity
  8
A-DIMS
100
AcDbBlockReference
  2
_OBLIQUE
 10
3220.0
 20
-14450.0
 30
0.0
 41
150.0
 42
150.0
 50
-90.0
  0
INSERT
  5
374
330
36D
100
AcDbEntity
  8
A-DIMS
100
AcDbBlockReference
  2
_OBLIQUE
 10
3220.0
 20
-15000.0
 30
0.0
 41
150.0
 42
150.0
 50
-90.0
  0
LINE
  5
376
330
36D
100
AcDbEntity
  8
0
100
AcDbLine
 10
3220.0
 20
-14375.0
 30
0.0
 11
3220.0
 21
-15075.0
 31
0.0
  0
MTEXT
  5
377
330
36D
100
AcDbEntity
  8
A-DIMS
100
AcDbMText
 10
3317.5
 20
-14725.0
 30
0.0
 40
125.0
 71
5
  1
550
  7
PLAN
 50
-90.0
  0
POINT
  5
378
330
36D
100
AcDbEntity
  8
Defpoints
100
AcDbPoint
 10
3220.0
 20
-14450.0
 30
0.0
  0
POINT
  5
379
330
36D
100
AcDbEntity
  8
Defpoints
100
AcDbPoint
 10
3920.0
 20
-14450.0
 30
0.0
  0
POINT
  5
37A
330
36D
100
AcDbEntity
  8
Defpoints
100
AcDbPoint
 10
3920.0
 20
-15000.0
 30
0.0
  0
ENDBLK
  5
36F
330
36D
100
AcDbEntity
  8
0
100
AcDbBlockEnd
  0
BLOCK
  5
37D
330
37C
100
AcDbEntity
  8
0
100
AcDbBlockBegin
  2
*D37
 70
1
 10
0.0
 20
0.0
 30
0.0
  3
*D37
  1

  0
LINE
  5
37F
330
37C
100
AcDbEntity
  8
0
100
AcDbLine
 10
3920.0
 20
-5410.0
 30
0.0
 11
2720.0
 21
-5410.0
 31
0.0
  0
LINE
  5
380
330
37C
100
AcDbEntity
  8
0
100
AcDbLine
 10
3920.0
 20
-8060.0
 30
0.0
 11
2720.0
 21
-8060.0
 31
0.0
  0
INSERT
  5
381
330
37C
100
AcDbEntity
  8
A-DIMS
100
AcDbBlockReference
  2
_OBLIQUE
 10
2820.0
 20
-5410.0
 30
0.0
 41
150.0
 42
150.0
 50
-90.0
  0
INSERT
  5
383
330
37C
100
AcDbEntity
  8
A-DIMS
100
AcDbBlockReference
  2
_OBLIQUE
 10
2820.0
 20
-8060.0
 30
0.0
 41
150.0
 42
150.0
 50
-90.0
  0
LINE
  5
385
330
37C
100
AcDbEntity
  8
0
100
AcDbLine
 10
2820.0
 20
-5335.0
 30
0.0
 11
2820.0
 21
-8135.0
 31
0.0
  0
MTEXT
  5
386
330
37C
100
AcDbEntity
  8
A-DIMS
100
AcDbMText
 10
2917.5
 20
-6735.0
 30
0.0
 40
125.0
 71
5
  1
2650
  7
PLAN
 50
-90.0
  0
POINT
  5
387
330
37C
100
AcDbEntity
  8
Defpoints
100
AcDbPoint
 10
2820.0
 20
-5410.0
 30
0.0
  0
POINT
  5
388
330
37C
100
AcDbEntity
  8
Defpoints
100
AcDbPoint
 10
3920.0
 20
-5410.0
 30
0.0
  0
POINT
  5
389
330
37C
100
AcDbEntity
  8
Defpoints
100
AcDbPoint
 10
3920.0
 20
-8060.0
 30
0.0
  0
ENDBLK
  5
37E
330
37C
100
AcDbEntity
  8
0
100
AcDbBlockEnd
  0
BLOCK
  5
38C
330
38B
100
AcDbEntity
  8
0
100
AcDbBlockBegin
  2
*D38
 70
1
 10
0.0
 20
0.0
 30
0.0
  3
*D38
  1

  0
LINE
  5
38E
330
38B
100
AcDbEntity
  8
0
100
AcDbLine
 10
3920.0
 20
-8060.0
 30
0.0
 11
2720.0
 21
-8060.0
 31
0.0
  0
LINE
  5
38F
330
38B
100
AcDbEntity
  8
0
100
AcDbLine
 10
3920.0
 20
-8380.0
 30
0.0
 11
2720.0
 21
-8380.0
 31
0.0
  0
INSERT
  5
390
330
38B
100
AcDbEntity
  8
A-DIMS
100
AcDbBlockReference
  2
_OBLIQUE
 10
2820.0
 20
-8060.0
 30
0.0
 41
150.0
 42
150.0
 50
-90.0
  0
INSERT
  5
392
330
38B
100
AcDbEntity
  8
A-DIMS
100
AcDbBlockReference
  2
_OBLIQUE
 10
2820.0
 20
-8380.0
 30
0.0
 41
150.0
 42
150.0
 50
-90.0
  0
LINE
  5
394
330
38B
100
AcDbEntity
  8
0
100
AcDbLine
 10
2820.0
 20
-7985.0
 30
0.0
 11
2820.0
 21
-8455.0
 31
0.0
  0
MTEXT
  5
395
330
38B
100
AcDbEntity
  8
A-DIMS
100
AcDbMText
 10
3017.5
 20
-8220.0
 30
0.0
 40
125.0
 71
5
  1
320
  7
PLAN
 50
-90.0
  0
POINT
  5
396
330
38B
100
AcDbEntity
  8
Defpoints
100
AcDbPoint
 10
2820.0
 20
-8060.0
 30
0.0
  0
POINT
  5
397
330
38B
100
AcDbEntity
  8
Defpoints
100
AcDbPoint
 10
3920.0
 20
-8060.0
 30
0.0
  0
POINT
  5
398
330
38B
100
AcDbEntity
  8
Defpoints
100
AcDbPoint
 10
3920.0
 20
-8380.0
 30
0.0
  0
ENDBLK
  5
38D
330
38B
100
AcDbEntity
  8
0
100
AcDbBlockEnd
  0
BLOCK
  5
39B
330
39A
100
AcDbEntity
  8
0
100
AcDbBlockBegin
  2
*D39
 70
1
 10
0.0
 20
0.0
 30
0.0
  3
*D39
  1

  0
LINE
  5
39D
330
39A
100
AcDbEntity
  8
0
100
AcDbLine
 10
3920.0
 20
-8380.0
 30
0.0
 11
2720.0
 21
-8380.0
 31
0.0
  0
LINE
  5
39E
330
39A
100
AcDbEntity
  8
0
100
AcDbLine
 10
3920.0
 20
-14680.0
 30
0.0
 11
2720.0
 21
-14680.0
 31
0.0
  0
INSERT
  5
39F
330
39A
100
AcDbEntity
  8
A-DIMS-SRC
100
AcDbBlockReference
  2
_OBLIQUE
 10
2820.0
 20
-8380.0
 30
0.0
 41
150.0
 42
150.0
 50
-90.0
  0
INSERT
  5
3A1
330
39A
100
AcDbEntity
  8
A-DIMS-SRC
100
AcDbBlockReference
  2
_OBLIQUE
 10
2820.0
 20
-14680.0
 30
0.0
 41
150.0
 42
150.0
 50
-90.0
  0
LINE
  5
3A3
330
39A
100
AcDbEntity
  8
0
100
AcDbLine
 10
2820.0
 20
-8305.0
 30
0.0
 11
2820.0
 21
-14755.0
 31
0.0
  0
MTEXT
  5
3A4
330
39A
100
AcDbEntity
  8
A-DIMS-SRC
100
AcDbMText
 10
2917.5
 20
-11530.0
 30
0.0
 40
125.0
 71
5
  1
6300
  7
PLAN
 50
-90.0
  0
POINT
  5
3A5
330
39A
100
AcDbEntity
  8
Defpoints
100
AcDbPoint
 10
2820.0
 20
-8380.0
 30
0.0
  0
POINT
  5
3A6
330
39A
100
AcDbEntity
  8
Defpoints
100
AcDbPoint
 10
3920.0
 20
-8380.0
 30
0.0
  0
POINT
  5
3A7
330
39A
100
AcDbEntity
  8
Defpoints
100
AcDbPoint
 10
3920.0
 20
-14680.0
 30
0.0
  0
ENDBLK
  5
39C
330
39A
100
AcDbEntity
  8
0
100
AcDbBlockEnd
  0
BLOCK
  5
3AA
330
3A9
100
AcDbEntity
  8
0
100
AcDbBlockBegin
  2
*D40
 70
1
 10
0.0
 20
0.0
 30
0.0
  3
*D40
  1

  0
INSERT
  5
3AC
330
3A9
100
AcDbEntity
  8
A-DIMS-SRC
100
AcDbBlockReference
  2
_OBLIQUE
 10
3700.0
 20
-320.0
 30
0.0
 41
150.0
 42
150.0
 50
-90.0
  0
INSERT
  5
3AE
330
3A9
100
AcDbEntity
  8
A-DIMS-SRC
100
AcDbBlockReference
  2
_OBLIQUE
 10
3700.0
 20
-2320.0
 30
0.0
 41
150.0
 42
150.0
 50
-90.0
  0
LINE
  5
3B0
330
3A9
100
AcDbEntity
  8
0
100
AcDbLine
 10
3700.0
 20
-245.0
 30
0.0
 11
3700.0
 21
-2395.0
 31
0.0
  0
MTEXT
  5
3B1
330
3A9
100
AcDbEntity
  8
A-DIMS-SRC
100
AcDbMText
 10
3797.5
 20
-1320.0
 30
0.0
 40
125.0
 71
5
  1
2000
  7
PLAN
 50
-90.0
  0
POINT
  5
3B2
330
3A9
100
AcDbEntity
  8
Defpoints
100
AcDbPoint
 10
3700.0
 20
-320.0
 30
0.0
  0
POINT
  5
3B3
330
3A9
100
AcDbEntity
  8
Defpoints
100
AcDbPoint
 10
3700.0
 20
-320.0
 30
0.0
  0
POINT
  5
3B4
330
3A9
100
AcDbEntity
  8
Defpoints
100
AcDbPoint
 10
3700.0
 20
-2320.0
 30
0.0
  0
ENDBLK
  5
3AB
330
3A9
100
AcDbEntity
  8
0
100
AcDbBlockEnd
  0
BLOCK
  5
3B7
330
3B6
100
AcDbEntity
  8
0
100
AcDbBlockBegin
  2
*D41
 70
1
 10
0.0
 20
0.0
 30
0.0
  3
*D41
  1

  0
INSERT
  5
3B9
330
3B6
100
AcDbEntity
  8
A-DIMS
100
AcDbBlockReference
  2
_OBLIQUE
 10
10050.0
 20
-320.0
 30
0.0
 41
150.0
 42
150.0
 50
-90.0
  0
INSERT
  5
3BB
330
3B6
100
AcDbEntity
  8
A-DIMS
100
AcDbBlockReference
  2
_OBLIQUE
 10
10050.0
 20
-3040.0
 30
0.0
 41
150.0
 42
150.0
 50
-90.0
  0
LINE
  5
3BD
330
3B6
100
AcDbEntity
  8
0
100
AcDbLine
 10
10050.0
 20
-245.0
 30
0.0
 11
10050.0
 21
-3115.0
 31
0.0
  0
MTEXT
  5
3BE
330
3B6
100
AcDbEntity
  8
A-DIMS
100
AcDbMText
 10
9952.5
 20
-2580.0
 30
0.0
 40
125.0
 71
5
  1
2720
  7
PLAN
 50
-90.0
  0
POINT
  5
3BF
330
3B6
100
AcDbEntity
  8
Defpoints
100
AcDbPoint
 10
10050.0
 20
-320.0
 30
0.0
  0
POINT
  5
3C0
330
3B6
100
AcDbEntity
  8
Defpoints
100
AcDbPoint
 10
10050.0
 20
-320.0
 30
0.0
  0
POINT
  5
3C1
330
3B6
100
AcDbEntity
  8
Defpoints
100
AcDbPoint
 10
10050.0
 20
-3040.0
 30
0.0
  0
ENDBLK
  5
3B8
330
3B6
100
AcDbEntity
  8
0
100
AcDbBlockEnd
  0
BLOCK
  5
3C4
330
3C3
100
AcDbEntity
  8
0
100
AcDbBlockBegin
  2
*D42
 70
1
 10
0.0
 20
0.0
 30
0.0
  3
*D42
  1

  0
INSERT
  5
3C6
330
3C3
100
AcDbEntity
  8
A-DIMS-SRC
100
AcDbBlockReference
  2
_OBLIQUE
 10
4240.0
 20
-5700.0
 30
0.0
 41
150.0
 42
150.0
  0
INSERT
  5
3C8
330
3C3
100
AcDbEntity
  8
A-DIMS-SRC
100
AcDbBlockReference
  2
_OBLIQUE
 10
6090.0
 20
-5700.0
 30
0.0
 41
150.0
 42
150.0
  0
LINE
  5
3CA
330
3C3
100
AcDbEntity
  8
0
100
AcDbLine
 10
4165.0
 20
-5700.0
 30
0.0
 11
6165.0
 21
-5700.0
 31
0.0
  0
MTEXT
  5
3CB
330
3C3
100
AcDbEntity
  8
A-DIMS-SRC
100
AcDbMText
 10
5165.0
 20
-5602.5
 30
0.0
 40
125.0
 71
5
  1
1850
  7
PLAN
  0
POINT
  5
3CC
330
3C3
100
AcDbEntity
  8
Defpoints
100
AcDbPoint
 10
4240.0
 20
-5700.0
 30
0.0
  0
POINT
  5
3CD
330
3C3
100
AcDbEntity
  8
Defpoints
100
AcDbPoint
 10
4240.0
 20
-5700.0
 30
0.0
  0
POINT
  5
3CE
330
3C3
100
AcDbEntity
  8
Defpoints
100
AcDbPoint
 10
6090.0
 20
-5700.0
 30
0.0
  0
ENDBLK
  5
3C5
330
3C3
100
AcDbEntity
  8
0
100
AcDbBlockEnd
  0
BLOCK
  5
3D1
330
3D0
100
AcDbEntity
  8
0
100
AcDbBlockBegin
  2
*D43
 70
1
 10
0.0
 20
0.0
 30
0.0
  3
*D43
  1

  0
INSERT
  5
3D3
330
3D0
100
AcDbEntity
  8
A-DIMS
100
AcDbBlockReference
  2
_OBLIQUE
 10
6090.0
 20
-5700.0
 30
0.0
 41
150.0
 42
150.0
  0
INSERT
  5
3D5
330
3D0
100
AcDbEntity
  8
A-DIMS
100
AcDbBlockReference
  2
_OBLIQUE
 10
6410.0
 20
-5700.0
 30
0.0
 41
150.0
 42
150.0
  0
LINE
  5
3D7
330
3D0
100
AcDbEntity
  8
0
100
AcDbLine
 10
6015.0
 20
-5700.0
 30
0.0
 11
6485.0
 21
-5700.0
 31
0.0
  0
MTEXT
  5
3D8
330
3D0
100
AcDbEntity
  8
A-DIMS
100
AcDbMText
 10
6250.0
 20
-5502.5
 30
0.0
 40
125.0
 71
5
  1
320
  7
PLAN
  0
POINT
  5
3D9
330
3D0
100
AcDbEntity
  8
Defpoints
100
AcDbPoint
 10
6090.0
 20
-5700.0
 30
0.0
  0
POINT
  5
3DA
330
3D0
100
AcDbEntity
  8
Defpoints
100
AcDbPoint
 10
6090.0
 20
-5700.0
 30
0.0
  0
POINT
  5
3DB
330
3D0
100
AcDbEntity
  8
Defpoints
100
AcDbPoint
 10
6410.0
 20
-5700.0
 30
0.0
  0
ENDBLK
  5
3D2
330
3D0
100
AcDbEntity
  8
0
100
AcDbBlockEnd
  0
BLOCK
  5
3DE
330
3DD
100
AcDbEntity
  8
0
100
AcDbBlockBegin
  2
*D44
 70
1
 10
0.0
 20
0.0
 30
0.0
  3
*D44
  1

  0
INSERT
  5
3E0
330
3DD
100
AcDbEntity
  8
A-DIMS-SRC
100
AcDbBlockReference
  2
_OBLIQUE
 10
6410.0
 20
-5700.0
 30
0.0
 41
150.0
 42
150.0
  0
INSERT
  5
3E2
330
3DD
100
AcDbEntity
  8
A-DIMS-SRC
100
AcDbBlockReference
  2
_OBLIQUE
 10
10610.0
 20
-5700.0
 30
0.0
 41
150.0
 42
150.0
  0
LINE
  5
3E4
330
3DD
100
AcDbEntity
  8
0
100
AcDbLine
 10
6335.0
 20
-5700.0
 30
0.0
 11
10685.0
 21
-5700.0
 31
0.0
  0
MTEXT
  5
3E5
330
3DD
100
AcDbEntity
  8
A-DIMS-SRC
100
AcDbMText
 10
8510.0
 20
-5602.5
 30
0.0
 40
125.0
 71
5
  1
4200
  7
PLAN
  0
POINT
  5
3E6
330
3DD
100
AcDbEntity
  8
Defpoints
100
AcDbPoint
 10
6410.0
 20
-5700.0
 30
0.0
  0
POINT
  5
3E7
330
3DD
100
AcDbEntity
  8
Defpoints
100
AcDbPoint
 10
6410.0
 20
-5700.0
 30
0.0
  0
POINT
  5
3E8
330
3DD
100
AcDbEntity
  8
Defpoints
100
AcDbPoint
 10
10610.0
 20
-5700.0
 30
0.0
  0
ENDBLK
  5
3DF
330
3DD
100
AcDbEntity
  8
0
100
AcDbBlockEnd
  0
BLOCK
  5
3EB
330
3EA
100
AcDbEntity
  8
0
100
AcDbBlockBegin
  2
*D45
 70
1
 10
0.0
 20
0.0
 30
0.0
  3
*D45
  1

  0
INSERT
  5
3ED
330
3EA
100
AcDbEntity
  8
A-DIMS
100
AcDbBlockReference
  2
_OBLIQUE
 10
4240.0
 20
-2900.0
 30
0.0
 41
150.0
 42
150.0
  0
INSERT
  5
3EF
330
3EA
100
AcDbEntity
  8
A-DIMS
100
AcDbBlockReference
  2
_OBLIQUE
 10
5320.0
 20
-2900.0
 30
0.0
 41
150.0
 42
150.0
  0
LINE
  5
3F1
330
3EA
100
AcDbEntity
  8
0
100
AcDbLine
 10
4165.0
 20
-2900.0
 30
0.0
 11
5395.0
 21
-2900.0
 31
0.0
  0
MTEXT
  5
3F2
330
3EA
100
AcDbEntity
  8
A-DIMS
100
AcDbMText
 10
4780.0
 20
-2802.5
 30
0.0
 40
125.0
 71
5
  1
1080
  7
PLAN
  0
POINT
  5
3F3
330
3EA
100
AcDbEntity
  8
Defpoints
100
AcDbPoint
 10
4240.0
 20
-2900.0
 30
0.0
  0
POINT
  5
3F4
330
3EA
100
AcDbEntity
  8
Defpoints
100
AcDbPoint
 10
4240.0
 20
-2900.0
 30
0.0
  0
POINT
  5
3F5
330
3EA
100
AcDbEntity
  8
Defpoints
100
AcDbPoint
 10
5320.0
 20
-2900.0
 30
0.0
  0
ENDBLK
  5
3EC
330
3EA
100
AcDbEntity
  8
0
100
AcDbBlockEnd
  0
BLOCK
  5
3F8
330
3F7
100
AcDbEntity
  8
0
100
AcDbBlockBegin
  2
*D46
 70
1
 10
0.0
 20
0.0
 30
0.0
  3
*D46
  1

  0
LINE
  5
3FA
330
3F7
100
AcDbEntity
  8
0
100
AcDbLine
 10
5320.0
 20
-320.0
 30
0.0
 11
4450.0
 21
-320.0
 31
0.0
  0
LINE
  5
3FB
330
3F7
100
AcDbEntity
  8
0
100
AcDbLine
 10
5320.0
 20
-1000.0
 30
0.0
 11
4450.0
 21
-1000.0
 31
0.0
  0
INSERT
  5
3FC
330
3F7
100
AcDbEntity
  8
A-DIMS
100
AcDbBlockReference
  2
_OBLIQUE
 10
4550.0
 20
-320.0
 30
0.0
 41
150.0
 42
150.0
 50
-90.0
  0
INSERT
  5
3FE
330
3F7
100
AcDbEntity
  8
A-DIMS
100
AcDbBlockReference
  2
_OBLIQUE
 10
4550.0
 20
-1000.0
 30
0.0
 41
150.0
 42
150.0
 50
-90.0
  0
LINE
  5
400
330
3F7
100
AcDbEntity
  8
0
100
AcDbLine
 10
4550.0
 20
-245.0
 30
0.0
 11
4550.0
 21
-1075.0
 31
0.0
  0
MTEXT
  5
401
330
3F7
100
AcDbEntity
  8
A-DIMS
100
AcDbMText
 10
4647.5
 20
-660.0
 30
0.0
 40
125.0
 71
5
  1
680
  7
PLAN
 50
-90.0
  0
POINT
  5
402
330
3F7
100
AcDbEntity
  8
Defpoints
100
AcDbPoint
 10
4550.0
 20
-320.0
 30
0.0
  0
POINT
  5
403
330
3F7
100
AcDbEntity
  8
Defpoints
100
AcDbPoint
 10
5320.0
 20
-320.0
 30
0.0
  0
POINT
  5
404
330
3F7
100
AcDbEntity
  8
Defpoints
100
AcDbPoint
 10
5320.0
 20
-1000.0
 30
0.0
  0
ENDBLK
  5
3F9
330
3F7
100
AcDbEntity
  8
0
100
AcDbBlockEnd
  0
BLOCK
  5
407
330
406
100
AcDbEntity
  8
0
100
AcDbBlockBegin
  2
*D47
 70
1
 10
0.0
 20
0.0
 30
0.0
  3
*D47
  1

  0
LINE
  5
409
330
406
100
AcDbEntity
  8
0
100
AcDbLine
 10
5320.0
 20
-1000.0
 30
0.0
 11
4450.0
 21
-1000.0
 31
0.0
  0
LINE
  5
40A
330
406
100
AcDbEntity
  8
0
100
AcDbLine
 10
5320.0
 20
-2200.0
 30
0.0
 11
4450.0
 21
-2200.0
 31
0.0
  0
INSERT
  5
40B
330
406
100
AcDbEntity
  8
A-DIMS
100
AcDbBlockReference
  2
_OBLIQUE
 10
4550.0
 20
-1000.0
 30
0.0
 41
150.0
 42
150.0
 50
-90.0
  0
INSERT
  5
40D
330
406
100
AcDbEntity
  8
A-DIMS
100
AcDbBlockReference
  2
_OBLIQUE
 10
4550.0
 20
-2200.0
 30
0.0
 41
150.0
 42
150.0
 50
-90.0
  0
LINE
  5
40F
330
406
100
AcDbEntity
  8
0
100
AcDbLine
 10
4550.0
 20
-925.0
 30
0.0
 11
4550.0
 21
-2275.0
 31
0.0
  0
MTEXT
  5
410
330
406
100
AcDbEntity
  8
A-DIMS
100
AcDbMText
 10
4647.5
 20
-1600.0
 30
0.0
 40
125.0
 71
5
  1
1200
  7
PLAN
 50
-90.0
  0
POINT
  5
411
330
406
100
AcDbEntity
  8
Defpoints
100
AcDbPoint
 10
4550.0
 20
-1000.0
 30
0.0
  0
POINT
  5
412
330
406
100
AcDbEntity
  8
Defpoints
100
AcDbPoint
 10
5320.0
 20
-1000.0
 30
0.0
  0
POINT
  5
413
330
406
100
AcDbEntity
  8
Defpoints
100
AcDbPoint
 10
5320.0
 20
-2200.0
 30
0.0
  0
ENDBLK
  5
408
330
406
100
AcDbEntity
  8
0
100
AcDbBlockEnd
  0
BLOCK
  5
416
330
415
100
AcDbEntity
  8
0
100
AcDbBlockBegin
  2
*D48
 70
1
 10
0.0
 20
0.0
 30
0.0
  3
*D48
  1

  0
LINE
  5
418
330
415
100
AcDbEntity
  8
0
100
AcDbLine
 10
5320.0
 20
-2200.0
 30
0.0
 11
4450.0
 21
-2200.0
 31
0.0
  0
LINE
  5
419
330
415
100
AcDbEntity
  8
0
100
AcDbLine
 10
5320.0
 20
-2940.0
 30
0.0
 11
4450.0
 21
-2940.0
 31
0.0
  0
INSERT
  5
41A
330
415
100
AcDbEntity
  8
A-DIMS
100
AcDbBlockReference
  2
_OBLIQUE
 10
4550.0
 20
-2200.0
 30
0.0
 41
150.0
 42
150.0
 50
-90.0
  0
INSERT
  5
41C
330
415
100
AcDbEntity
  8
A-DIMS
100
AcDbBlockReference
  2
_OBLIQUE
 10
4550.0
 20
-2940.0
 30
0.0
 41
150.0
 42
150.0
 50
-90.0
  0
LINE
  5
41E
330
415
100
AcDbEntity
  8
0
100
AcDbLine
 10
4550.0
 20
-2125.0
 30
0.0
 11
4550.0
 21
-3015.0
 31
0.0
  0
MTEXT
  5
41F
330
415
100
AcDbEntity
  8
A-DIMS
100
AcDbMText
 10
4647.5
 20
-2570.0
 30
0.0
 40
125.0
 71
5
  1
740
  7
PLAN
 50
-90.0
  0
POINT
  5
420
330
415
100
AcDbEntity
  8
Defpoints
100
AcDbPoint
 10
4550.0
 20
-2200.0
 30
0.0
  0
POINT
  5
421
330
415
100
AcDbEntity
  8
Defpoints
100
AcDbPoint
 10
5320.0
 20
-2200.0
 30
0.0
  0
POINT
  5
422
330
415
100
AcDbEntity
  8
Defpoints
100
AcDbPoint
 10
5320.0
 20
-2940.0
 30
0.0
  0
ENDBLK
  5
417
330
415
100
AcDbEntity
  8
0
100
AcDbBlockEnd
  0
BLOCK
  5
427
330
426
100
AcDbEntity
  8
0
100
AcDbBlockBegin
  2
*D49
 70
1
 10
0.0
 20
0.0
 30
0.0
  3
*D49
  1

  0
LINE
  5
429
330
426
100
AcDbEntity
  8
0
100
AcDbLine
 10
5320.0
 20
-2940.0
 30
0.0
 11
5320.0
 21
-4050.0
 31
0.0
  0
LINE
  5
42A
330
426
100
AcDbEntity
  8
0
100
AcDbLine
 10
6090.0
 20
-3710.0
 30
0.0
 11
6090.0
 21
-4050.0
 31
0.0
  0
INSERT
  5
42B
330
426
100
AcDbEntity
  8
A-DIMS
100
AcDbBlockReference
  2
_OBLIQUE
 10
5320.0
 20
-3950.0
 30
0.0
 41
150.0
 42
150.0
  0
INSERT
  5
42D
330
426
100
AcDbEntity
  8
A-DIMS
100
AcDbBlockReference
  2
_OBLIQUE
 10
6090.0
 20
-3950.0
 30
0.0
 41
150.0
 42
150.0
  0
LINE
  5
42F
330
426
100
AcDbEntity
  8
0
100
AcDbLine
 10
5245.0
 20
-3950.0
 30
0.0
 11
6165.0
 21
-3950.0
 31
0.0
  0
MTEXT
  5
430
330
426
100
AcDbEntity
  8
A-DIMS
100
AcDbMText
 10
5705.0
 20
-3852.5
 30
0.0
 40
125.0
 71
5
  1
770
  7
PLAN
  0
POINT
  5
431
330
426
100
AcDbEntity
  8
Defpoints
100
AcDbPoint
 10
5320.0
 20
-3950.0
 30
0.0
  0
POINT
  5
432
330
426
100
AcDbEntity
  8
Defpoints
100
AcDbPoint
 10
5320.0
 20
-2940.0
 30
0.0
  0
POINT
  5
433
330
426
100
AcDbEntity
  8
Defpoints
100
AcDbPoint
 10
6090.0
 20
-3710.0
 30
0.0
  0
ENDBLK
  5
428
330
426
100
AcDbEntity
  8
0
100
AcDbBlockEnd
  0
BLOCK
  5
436
330
435
100
AcDbEntity
  8
0
100
AcDbBlockBegin
  2
*D50
 70
1
 10
0.0
 20
0.0
 30
0.0
  3
*D50
  1

  0
INSERT
  5
438
330
435
100
AcDbEntity
  8
A-DIMS-SRC
100
AcDbBlockReference
  2
_OBLIQUE
 10
5650.0
 20
-3710.0
 30
0.0
 41
150.0
 42
150.0
 50
-90.0
  0
INSERT
  5
43A
330
435
100
AcDbEntity
  8
A-DIMS-SRC
100
AcDbBlockReference
  2
_OBLIQUE
 10
5650.0
 20
-8060.0
 30
0.0
 41
150.0
 42
150.0
 50
-90.0
  0
LINE
  5
43C
330
435
100
AcDbEntity
  8
0
100
AcDbLine
 10
5650.0
 20
-3635.0
 30
0.0
 11
5650.0
 21
-8135.0
 31
0.0
  0
MTEXT
  5
43D
330
435
100
AcDbEntity
  8
A-DIMS-SRC
100
AcDbMText
 10
5552.5
 20
-6385.0
 30
0.0
 40
125.0
 71
5
  1
4350
  7
PLAN
 50
-90.0
  0
POINT
  5
43E
330
435
100
AcDbEntity
  8
Defpoints
100
AcDbPoint
 10
5650.0
 20
-3710.0
 30
0.0
  0
POINT
  5
43F
330
435
100
AcDbEntity
  8
Defpoints
100
AcDbPoint
 10
5650.0
 20
-3710.0
 30
0.0
  0
POINT
  5
440
330
435
100
AcDbEntity
  8
Defpoints
100
AcDbPoint
 10
5650.0
 20
-8060.0
 30
0.0
  0
ENDBLK
  5
437
330
435
100
AcDbEntity
  8
0
100
AcDbBlockEnd
  0
BLOCK
  5
443
330
442
100
AcDbEntity
  8
0
100
AcDbBlockBegin
  2
*D51
 70
1
 10
0.0
 20
0.0
 30
0.0
  3
*D51
  1

  0
INSERT
  5
445
330
442
100
AcDbEntity
  8
A-DIMS
100
AcDbBlockReference
  2
_OBLIQUE
 10
5850.0
 20
-3710.0
 30
0.0
 41
150.0
 42
150.0
 50
-90.0
  0
INSERT
  5
447
330
442
100
AcDbEntity
  8
A-DIMS
100
AcDbBlockReference
  2
_OBLIQUE
 10
5850.0
 20
-4340.0
 30
0.0
 41
150.0
 42
150.0
 50
-90.0
  0
LINE
  5
449
330
442
100
AcDbEntity
  8
0
100
AcDbLine
 10
5850.0
 20
-3635.0
 30
0.0
 11
5850.0
 21
-4415.0
 31
0.0
  0
MTEXT
  5
44A
330
442
100
AcDbEntity
  8
A-DIMS
100
AcDbMText
 10
5947.5
 20
-4025.0
 30
0.0
 40
125.0
 71
5
  1
630
  7
PLAN
 50
-90.0
  0
POINT
  5
44B
330
442
100
AcDbEntity
  8
Defpoints
100
AcDbPoint
 10
5850.0
 20
-3710.0
 30
0.0
  0
POINT
  5
44C
330
442
100
AcDbEntity
  8
Defpoints
100
AcDbPoint
 10
5850.0
 20
-3710.0
 30
0.0
  0
POINT
  5
44D
330
442
100
AcDbEntity
  8
Defpoints
100
AcDbPoint
 10
5850.0
 20
-4340.0
 30
0.0
  0
ENDBLK
  5
444
330
442
100
AcDbEntity
  8
0
100
AcDbBlockEnd
  0
BLOCK
  5
450
330
44F
100
AcDbEntity
  8
0
100
AcDbBlockBegin
  2
*D52
 70
1
 10
0.0
 20
0.0
 30
0.0
  3
*D52
  1

  0
INSERT
  5
452
330
44F
100
AcDbEntity
  8
A-DIMS
100
AcDbBlockReference
  2
_OBLIQUE
 10
5850.0
 20
-4340.0
 30
0.0
 41
150.0
 42
150.0
 50
-90.0
  0
INSERT
  5
454
330
44F
100
AcDbEntity
  8
A-DIMS
100
AcDbBlockReference
  2
_OBLIQUE
 10
5850.0
 20
-5240.0
 30
0.0
 41
150.0
 42
150.0
 50
-90.0
  0
LINE
  5
456
330
44F
100
AcDbEntity
  8
0
100
AcDbLine
 10
5850.0
 20
-4265.0
 30
0.0
 11
5850.0
 21
-5315.0
 31
0.0
  0
MTEXT
  5
457
330
44F
100
AcDbEntity
  8
A-DIMS
100
AcDbMText
 10
5947.5
 20
-4790.0
 30
0.0
 40
125.0
 71
5
  1
900
  7
PLAN
 50
-90.0
  0
POINT
  5
458
330
44F
100
AcDbEntity
  8
Defpoints
100
AcDbPoint
 10
5850.0
 20
-4340.0
 30
0.0
  0
POINT
  5
459
330
44F
100
AcDbEntity
  8
Defpoints
100
AcDbPoint
 10
5850.0
 20
-4340.0
 30
0.0
  0
POINT
  5
45A
330
44F
100
AcDbEntity
  8
Defpoints
100
AcDbPoint
 10
5850.0
 20
-5240.0
 30
0.0
  0
ENDBLK
  5
451
330
44F
100
AcDbEntity
  8
0
100
AcDbBlockEnd
  0
BLOCK
  5
45D
330
45C
100
AcDbEntity
  8
0
100
AcDbBlockBegin
  2
*D53
 70
1
 10
0.0
 20
0.0
 30
0.0
  3
*D53
  1

  0
INSERT
  5
45F
330
45C
100
AcDbEntity
  8
A-DIMS
100
AcDbBlockReference
  2
_OBLIQUE
 10
5850.0
 20
-5240.0
 30
0.0
 41
150.0
 42
150.0
 50
-90.0
  0
INSERT
  5
461
330
45C
100
AcDbEntity
  8
A-DIMS
100
AcDbBlockReference
  2
_OBLIQUE
 10
5850.0
 20
-7010.0
 30
0.0
 41
150.0
 42
150.0
 50
-90.0
  0
LINE
  5
463
330
45C
100
AcDbEntity
  8
0
100
AcDbLine
 10
5850.0
 20
-5165.0
 30
0.0
 11
5850.0
 21
-7085.0
 31
0.0
  0
MTEXT
  5
464
330
45C
100
AcDbEntity
  8
A-DIMS
100
AcDbMText
 10
5947.5
 20
-6125.0
 30
0.0
 40
125.0
 71
5
  1
1770
  7
PLAN
 50
-90.0
  0
POINT
  5
465
330
45C
100
AcDbEntity
  8
Defpoints
100
AcDbPoint
 10
5850.0
 20
-5240.0
 30
0.0
  0
POINT
  5
466
330
45C
100
AcDbEntity
  8
Defpoints
100
AcDbPoint
 10
5850.0
 20
-5240.0
 30
0.0
  0
POINT
  5
467
330
45C
100
AcDbEntity
  8
Defpoints
100
AcDbPoint
 10
5850.0
 20
-7010.0
 30
0.0
  0
ENDBLK
  5
45E
330
45C
100
AcDbEntity
  8
0
100
AcDbBlockEnd
  0
BLOCK
  5
46A
330
469
100
AcDbEntity
  8
0
100
AcDbBlockBegin
  2
*D54
 70
1
 10
0.0
 20
0.0
 30
0.0
  3
*D54
  1

  0
INSERT
  5
46C
330
469
100
AcDbEntity
  8
A-DIMS
100
AcDbBlockReference
  2
_OBLIQUE
 10
5850.0
 20
-7010.0
 30
0.0
 41
150.0
 42
150.0
 50
-90.0
  0
INSERT
  5
46E
330
469
100
AcDbEntity
  8
A-DIMS
100
AcDbBlockReference
  2
_OBLIQUE
 10
5850.0
 20
-7910.0
 30
0.0
 41
150.0
 42
150.0
 50
-90.0
  0
LINE
  5
470
330
469
100
AcDbEntity
  8
0
100
AcDbLine
 10
5850.0
 20
-6935.0
 30
0.0
 11
5850.0
 21
-7985.0
 31
0.0
  0
MTEXT
  5
471
330
469
100
AcDbEntity
  8
A-DIMS
100
AcDbMText
 10
5947.5
 20
-7460.0
 30
0.0
 40
125.0
 71
5
  1
900
  7
PLAN
 50
-90.0
  0
POINT
  5
472
330
469
100
AcDbEntity
  8
Defpoints
100
AcDbPoint
 10
5850.0
 20
-7010.0
 30
0.0
  0
POINT
  5
473
330
469
100
AcDbEntity
  8
Defpoints
100
AcDbPoint
 10
5850.0
 20
-7010.0
 30
0.0
  0
POINT
  5
474
330
469
100
AcDbEntity
  8
Defpoints
100
AcDbPoint
 10
5850.0
 20
-7910.0
 30
0.0
  0
ENDBLK
  5
46B
330
469
100
AcDbEntity
  8
0
100
AcDbBlockEnd
  0
BLOCK
  5
477
330
476
100
AcDbEntity
  8
0
100
AcDbBlockBegin
  2
*D55
 70
1
 10
0.0
 20
0.0
 30
0.0
  3
*D55
  1

  0
INSERT
  5
479
330
476
100
AcDbEntity
  8
A-DIMS
100
AcDbBlockReference
  2
_OBLIQUE
 10
5850.0
 20
-7910.0
 30
0.0
 41
150.0
 42
150.0
 50
-90.0
  0
INSERT
  5
47B
330
476
100
AcDbEntity
  8
A-DIMS
100
AcDbBlockReference
  2
_OBLIQUE
 10
5850.0
 20
-8060.0
 30
0.0
 41
150.0
 42
150.0
 50
-90.0
  0
LINE
  5
47D
330
476
100
AcDbEntity
  8
0
100
AcDbLine
 10
5850.0
 20
-7835.0
 30
0.0
 11
5850.0
 21
-8135.0
 31
0.0
  0
MTEXT
  5
47E
330
476
100
AcDbEntity
  8
A-DIMS
100
AcDbMText
 10
5972.5
 20
-7910.0
 30
0.0
 40
125.0
 71
5
  1
150
  7
PLAN
 50
-90.0
  0
POINT
  5
47F
330
476
100
AcDbEntity
  8
Defpoints
100
AcDbPoint
 10
5850.0
 20
-7910.0
 30
0.0
  0
POINT
  5
480
330
476
100
AcDbEntity
  8
Defpoints
100
AcDbPoint
 10
5850.0
 20
-7910.0
 30
0.0
  0
POINT
  5
481
330
476
100
AcDbEntity
  8
Defpoints
100
AcDbPoint
 10
5850.0
 20
-8060.0
 30
0.0
  0
ENDBLK
  5
478
330
476
100
AcDbEntity
  8
0
100
AcDbBlockEnd
  0
BLOCK
  5
484
330
483
100
AcDbEntity
  8
0
100
AcDbBlockBegin
  2
*D56
 70
1
 10
0.0
 20
0.0
 30
0.0
  3
*D56
  1

  0
INSERT
  5
486
330
483
100
AcDbEntity
  8
A-DIMS
100
AcDbBlockReference
  2
_OBLIQUE
 10
4240.0
 20
-7750.0
 30
0.0
 41
150.0
 42
150.0
  0
INSERT
  5
488
330
483
100
AcDbEntity
  8
A-DIMS
100
AcDbBlockReference
  2
_OBLIQUE
 10
4530.0
 20
-7750.0
 30
0.0
 41
150.0
 42
150.0
  0
LINE
  5
48A
330
483
100
AcDbEntity
  8
0
100
AcDbLine
 10
4165.0
 20
-7750.0
 30
0.0
 11
4605.0
 21
-7750.0
 31
0.0
  0
MTEXT
  5
48B
330
483
100
AcDbEntity
  8
A-DIMS
100
AcDbMText
 10
4385.0
 20
-7552.5
 30
0.0
 40
125.0
 71
5
  1
290
  7
PLAN
  0
POINT
  5
48C
330
483
100
AcDbEntity
  8
Defpoints
100
AcDbPoint
 10
4240.0
 20
-7750.0
 30
0.0
  0
POINT
  5
48D
330
483
100
AcDbEntity
  8
Defpoints
100
AcDbPoint
 10
4240.0
 20
-7750.0
 30
0.0
  0
POINT
  5
48E
330
483
100
AcDbEntity
  8
Defpoints
100
AcDbPoint
 10
4530.0
 20
-7750.0
 30
0.0
  0
ENDBLK
  5
485
330
483
100
AcDbEntity
  8
0
100
AcDbBlockEnd
  0
BLOCK
  5
491
330
490
100
AcDbEntity
  8
0
100
AcDbBlockBegin
  2
*D57
 70
1
 10
0.0
 20
0.0
 30
0.0
  3
*D57
  1

  0
INSERT
  5
493
330
490
100
AcDbEntity
  8
A-DIMS
100
AcDbBlockReference
  2
_OBLIQUE
 10
4530.0
 20
-7750.0
 30
0.0
 41
150.0
 42
150.0
  0
INSERT
  5
495
330
490
100
AcDbEntity
  8
A-DIMS
100
AcDbBlockReference
  2
_OBLIQUE
 10
5430.0
 20
-7750.0
 30
0.0
 41
150.0
 42
150.0
  0
LINE
  5
497
330
490
100
AcDbEntity
  8
0
100
AcDbLine
 10
4455.0
 20
-7750.0
 30
0.0
 11
5505.0
 21
-7750.0
 31
0.0
  0
MTEXT
  5
498
330
490
100
AcDbEntity
  8
A-DIMS
100
AcDbMText
 10
4980.0
 20
-7652.5
 30
0.0
 40
125.0
 71
5
  1
900
  7
PLAN
  0
POINT
  5
499
330
490
100
AcDbEntity
  8
Defpoints
100
AcDbPoint
 10
4530.0
 20
-7750.0
 30
0.0
  0
POINT
  5
49A
330
490
100
AcDbEntity
  8
Defpoints
100
AcDbPoint
 10
4530.0
 20
-7750.0
 30
0.0
  0
POINT
  5
49B
330
490
100
AcDbEntity
  8
Defpoints
100
AcDbPoint
 10
5430.0
 20
-7750.0
 30
0.0
  0
ENDBLK
  5
492
330
490
100
AcDbEntity
  8
0
100
AcDbBlockEnd
  0
BLOCK
  5
49E
330
49D
100
AcDbEntity
  8
0
100
AcDbBlockBegin
  2
*D58
 70
1
 10
0.0
 20
0.0
 30
0.0
  3
*D58
  1

  0
INSERT
  5
4A0
330
49D
100
AcDbEntity
  8
A-DIMS
100
AcDbBlockReference
  2
_OBLIQUE
 10
5430.0
 20
-7750.0
 30
0.0
 41
150.0
 42
150.0
  0
INSERT
  5
4A2
330
49D
100
AcDbEntity
  8
A-DIMS
100
AcDbBlockReference
  2
_OBLIQUE
 10
6090.0
 20
-7750.0
 30
0.0
 41
150.0
 42
150.0
  0
LINE
  5
4A4
330
49D
100
AcDbEntity
  8
0
100
AcDbLine
 10
5355.0
 20
-7750.0
 30
0.0
 11
6165.0
 21
-7750.0
 31
0.0
  0
MTEXT
  5
4A5
330
49D
100
AcDbEntity
  8
A-DIMS
100
AcDbMText
 10
5760.0
 20
-7652.5
 30
0.0
 40
125.0
 71
5
  1
660
  7
PLAN
  0
POINT
  5
4A6
330
49D
100
AcDbEntity
  8
Defpoints
100
AcDbPoint
 10
5430.0
 20
-7750.0
 30
0.0
  0
POINT
  5
4A7
330
49D
100
AcDbEntity
  8
Defpoints
100
AcDbPoint
 10
5430.0
 20
-7750.0
 30
0.0
  0
POINT
  5
4A8
330
49D
100
AcDbEntity
  8
Defpoints
100
AcDbPoint
 10
6090.0
 20
-7750.0
 30
0.0
  0
ENDBLK
  5
49F
330
49D
100
AcDbEntity
  8
0
100
AcDbBlockEnd
  0
BLOCK
  5
4AB
330
4AA
100
AcDbEntity
  8
0
100
AcDbBlockBegin
  2
*D59
 70
1
 10
0.0
 20
0.0
 30
0.0
  3
*D59
  1

  0
INSERT
  5
4AD
330
4AA
100
AcDbEntity
  8
A-DIMS
100
AcDbBlockReference
  2
_OBLIQUE
 10
2020.0
 20
-3900.0
 30
0.0
 41
150.0
 42
150.0
  0
INSERT
  5
4AF
330
4AA
100
AcDbEntity
  8
A-DIMS
100
AcDbBlockReference
  2
_OBLIQUE
 10
3920.0
 20
-3900.0
 30
0.0
 41
150.0
 42
150.0
  0
LINE
  5
4B1
330
4AA
100
AcDbEntity
  8
0
100
AcDbLine
 10
1945.0
 20
-3900.0
 30
0.0
 11
3995.0
 21
-3900.0
 31
0.0
  0
MTEXT
  5
4B2
330
4AA
100
AcDbEntity
  8
A-DIMS
100
AcDbMText
 10
2570.0
 20
-3802.5
 30
0.0
 40
125.0
 71
5
  1
1900
  7
PLAN
  0
POINT
  5
4B3
330
4AA
100
AcDbEntity
  8
Defpoints
100
AcDbPoint
 10
2020.0
 20
-3900.0
 30
0.0
  0
POINT
  5
4B4
330
4AA
100
AcDbEntity
  8
Defpoints
100
AcDbPoint
 10
2020.0
 20
-3900.0
 30
0.0
  0
POINT
  5
4B5
330
4AA
100
AcDbEntity
  8
Defpoints
100
AcDbPoint
 10
3920.0
 20
-3900.0
 30
0.0
  0
ENDBLK
  5
4AC
330
4AA
100
AcDbEntity
  8
0
100
AcDbBlockEnd
  0
BLOCK
  5
4B8
330
4B7
100
AcDbEntity
  8
0
100
AcDbBlockBegin
  2
*D60
 70
1
 10
0.0
 20
0.0
 30
0.0
  3
*D60
  1

  0
INSERT
  5
4BA
330
4B7
100
AcDbEntity
  8
A-DIMS-SRC
100
AcDbBlockReference
  2
_OBLIQUE
 10
2255.0
 20
-4560.0
 30
0.0
 41
150.0
 42
150.0
  0
INSERT
  5
4BC
330
4B7
100
AcDbEntity
  8
A-DIMS-SRC
100
AcDbBlockReference
  2
_OBLIQUE
 10
3920.0
 20
-4560.0
 30
0.0
 41
150.0
 42
150.0
  0
LINE
  5
4BE
330
4B7
100
AcDbEntity
  8
0
100
AcDbLine
 10
2180.0
 20
-4560.0
 30
0.0
 11
3995.0
 21
-4560.0
 31
0.0
  0
MTEXT
  5
4BF
330
4B7
100
AcDbEntity
  8
A-DIMS-SRC
100
AcDbMText
 10
3087.5
 20
-4462.5
 30
0.0
 40
125.0
 71
5
  1
1665
  7
PLAN
  0
POINT
  5
4C0
330
4B7
100
AcDbEntity
  8
Defpoints
100
AcDbPoint
 10
2255.0
 20
-4560.0
 30
0.0
  0
POINT
  5
4C1
330
4B7
100
AcDbEntity
  8
Defpoints
100
AcDbPoint
 10
2255.0
 20
-4560.0
 30
0.0
  0
POINT
  5
4C2
330
4B7
100
AcDbEntity
  8
Defpoints
100
AcDbPoint
 10
3920.0
 20
-4560.0
 30
0.0
  0
ENDBLK
  5
4B9
330
4B7
100
AcDbEntity
  8
0
100
AcDbBlockEnd
  0
BLOCK
  5
4C5
330
4C4
100
AcDbEntity
  8
0
100
AcDbBlockBegin
  2
*D61
 70
1
 10
0.0
 20
0.0
 30
0.0
  3
*D61
  1

  0
INSERT
  5
4C7
330
4C4
100
AcDbEntity
  8
A-DIMS
100
AcDbBlockReference
  2
_OBLIQUE
 10
2020.0
 20
-2800.0
 30
0.0
 41
150.0
 42
150.0
  0
INSERT
  5
4C9
330
4C4
100
AcDbEntity
  8
A-DIMS
100
AcDbBlockReference
  2
_OBLIQUE
 10
3070.0
 20
-2800.0
 30
0.0
 41
150.0
 42
150.0
  0
LINE
  5
4CB
330
4C4
100
AcDbEntity
  8
0
100
AcDbLine
 10
1945.0
 20
-2800.0
 30
0.0
 11
3145.0
 21
-2800.0
 31
0.0
  0
MTEXT
  5
4CC
330
4C4
100
AcDbEntity
  8
A-DIMS
100
AcDbMText
 10
2545.0
 20
-2702.5
 30
0.0
 40
125.0
 71
5
  1
1050
  7
PLAN
  0
POINT
  5
4CD
330
4C4
100
AcDbEntity
  8
Defpoints
100
AcDbPoint
 10
2020.0
 20
-2800.0
 30
0.0
  0
POINT
  5
4CE
330
4C4
100
AcDbEntity
  8
Defpoints
100
AcDbPoint
 10
2020.0
 20
-2800.0
 30
0.0
  0
POINT
  5
4CF
330
4C4
100
AcDbEntity
  8
Defpoints
100
AcDbPoint
 10
3070.0
 20
-2800.0
 30
0.0
  0
ENDBLK
  5
4C6
330
4C4
100
AcDbEntity
  8
0
100
AcDbBlockEnd
  0
BLOCK
  5
4D2
330
4D1
100
AcDbEntity
  8
0
100
AcDbBlockBegin
  2
*D62
 70
1
 10
0.0
 20
0.0
 30
0.0
  3
*D62
  1

  0
LINE
  5
4D4
330
4D1
100
AcDbEntity
  8
0
100
AcDbLine
 10
4240.0
 20
-3357.4516600406096
 30
0.0
 11
4700.0
 21
-3357.4516600406096
 31
0.0
  0
LINE
  5
4D5
330
4D1
100
AcDbEntity
  8
0
100
AcDbLine
 10
4240.0
 20
-3650.0
 30
0.0
 11
4700.0
 21
-3650.0
 31
0.0
  0
INSERT
  5
4D6
330
4D1
100
AcDbEntity
  8
A-DIMS
100
AcDbBlockReference
  2
_OBLIQUE
 10
4600.0
 20
-3357.4516600406096
 30
0.0
 41
150.0
 42
150.0
 50
-90.0
  0
INSERT
  5
4D8
330
4D1
100
AcDbEntity
  8
A-DIMS
100
AcDbBlockReference
  2
_OBLIQUE
 10
4600.0
 20
-3650.0
 30
0.0
 41
150.0
 42
150.0
 50
-90.0
  0
LINE
  5
4DA
330
4D1
100
AcDbEntity
  8
0
100
AcDbLine
 10
4600.0
 20
-3282.4516600406096
 30
0.0
 11
4600.0
 21
-3725.0
 31
0.0
  0
MTEXT
  5
4DB
330
4D1
100
AcDbEntity
  8
A-DIMS
100
AcDbMText
 10
4797.5
 20
-3503.725830020305
 30
0.0
 40
125.0
 71
5
  1
293
  7
PLAN
 50
-90.0
  0
POINT
  5
4DC
330
4D1
100
AcDbEntity
  8
Defpoints
100
AcDbPoint
 10
4600.0
 20
-3357.4516600406096
 30
0.0
  0
POINT
  5
4DD
330
4D1
100
AcDbEntity
  8
Defpoints
100
AcDbPoint
 10
4240.0
 20
-3357.4516600406096
 30
0.0
  0
POINT
  5
4DE
330
4D1
100
AcDbEntity
  8
Defpoints
100
AcDbPoint
 10
4240.0
 20
-3650.0
 30
0.0
  0
ENDBLK
  5
4D3
330
4D1
100
AcDbEntity
  8
0
100
AcDbBlockEnd
  0
BLOCK
  5
4E1
330
4E0
100
AcDbEntity
  8
0
100
AcDbBlockBegin
  2
*D63
 70
1
 10
0.0
 20
0.0
 30
0.0
  3
*D63
  1

  0
LINE
  5
4E3
330
4E0
100
AcDbEntity
  8
0
100
AcDbLine
 10
4240.0
 20
-3650.0
 30
0.0
 11
4700.0
 21
-3650.0
 31
0.0
  0
LINE
  5
4E4
330
4E0
100
AcDbEntity
  8
0
100
AcDbLine
 10
4240.0
 20
-4400.0
 30
0.0
 11
4700.0
 21
-4400.0
 31
0.0
  0
INSERT
  5
4E5
330
4E0
100
AcDbEntity
  8
A-DIMS
100
AcDbBlockReference
  2
_OBLIQUE
 10
4600.0
 20
-3650.0
 30
0.0
 41
150.0
 42
150.0
 50
-90.0
  0
INSERT
  5
4E7
330
4E0
100
AcDbEntity
  8
A-DIMS
100
AcDbBlockReference
  2
_OBLIQUE
 10
4600.0
 20
-4400.0
 30
0.0
 41
150.0
 42
150.0
 50
-90.0
  0
LINE
  5
4E9
330
4E0
100
AcDbEntity
  8
0
100
AcDbLine
 10
4600.0
 20
-3575.0
 30
0.0
 11
4600.0
 21
-4475.0
 31
0.0
  0
MTEXT
  5
4EA
330
4E0
100
AcDbEntity
  8
A-DIMS
100
AcDbMText
 10
4697.5
 20
-4025.0
 30
0.0
 40
125.0
 71
5
  1
750
  7
PLAN
 50
-90.0
  0
POINT
  5
4EB
330
4E0
100
AcDbEntity
  8
Defpoints
100
AcDbPoint
 10
4600.0
 20
-3650.0
 30
0.0
  0
POINT
  5
4EC
330
4E0
100
AcDbEntity
  8
Defpoints
100
AcDbPoint
 10
4240.0
 20
-3650.0
 30
0.0
  0
POINT
  5
4ED
330
4E0
100
AcDbEntity
  8
Defpoints
100
AcDbPoint
 10
4240.0
 20
-4400.0
 30
0.0
  0
ENDBLK
  5
4E2
330
4E0
100
AcDbEntity
  8
0
100
AcDbBlockEnd
  0
BLOCK
  5
4F0
330
4EF
100
AcDbEntity
  8
0
100
AcDbBlockBegin
  2
*D64
 70
1
 10
0.0
 20
0.0
 30
0.0
  3
*D64
  1

  0
LINE
  5
4F2
330
4EF
100
AcDbEntity
  8
0
100
AcDbLine
 10
1700.0
 20
-4040.0
 30
0.0
 11
1700.0
 21
-3690.0
 31
0.0
  0
LINE
  5
4F3
330
4EF
100
AcDbEntity
  8
0
100
AcDbLine
 10
2255.0
 20
-4040.0
 30
0.0
 11
2255.0
 21
-3690.0
 31
0.0
  0
INSERT
  5
4F4
330
4EF
100
AcDbEntity
  8
A-DIMS
100
AcDbBlockReference
  2
_OBLIQUE
 10
1700.0
 20
-3790.0
 30
0.0
 41
150.0
 42
150.0
  0
INSERT
  5
4F6
330
4EF
100
AcDbEntity
  8
A-DIMS
100
AcDbBlockReference
  2
_OBLIQUE
 10
2255.0
 20
-3790.0
 30
0.0
 41
150.0
 42
150.0
  0
LINE
  5
4F8
330
4EF
100
AcDbEntity
  8
0
100
AcDbLine
 10
1625.0
 20
-3790.0
 30
0.0
 11
2330.0
 21
-3790.0
 31
0.0
  0
MTEXT
  5
4F9
330
4EF
100
AcDbEntity
  8
A-DIMS
100
AcDbMText
 10
1977.5
 20
-3692.5
 30
0.0
 40
125.0
 71
5
  1
555
  7
PLAN
  0
POINT
  5
4FA
330
4EF
100
AcDbEntity
  8
Defpoints
100
AcDbPoint
 10
1700.0
 20
-3790.0
 30
0.0
  0
POINT
  5
4FB
330
4EF
100
AcDbEntity
  8
Defpoints
100
AcDbPoint
 10
1700.0
 20
-4040.0
 30
0.0
  0
POINT
  5
4FC
330
4EF
100
AcDbEntity
  8
Defpoints
100
AcDbPoint
 10
2255.0
 20
-4040.0
 30
0.0
  0
ENDBLK
  5
4F1
330
4EF
100
AcDbEntity
  8
0
100
AcDbBlockEnd
  0
BLOCK
  5
4FF
330
4FE
100
AcDbEntity
  8
0
100
AcDbBlockBegin
  2
*D65
 70
1
 10
0.0
 20
0.0
 30
0.0
  3
*D65
  1

  0
INSERT
  5
501
330
4FE
100
AcDbEntity
  8
A-DIMS
100
AcDbBlockReference
  2
_OBLIQUE
 10
10000.0
 20
-3360.0
 30
0.0
 41
150.0
 42
150.0
  0
INSERT
  5
503
330
4FE
100
AcDbEntity
  8
A-DIMS
100
AcDbBlockReference
  2
_OBLIQUE
 10
10610.0
 20
-3360.0
 30
0.0
 41
150.0
 42
150.0
  0
LINE
  5
505
330
4FE
100
AcDbEntity
  8
0
100
AcDbLine
 10
9925.0
 20
-3360.0
 30
0.0
 11
10685.0
 21
-3360.0
 31
0.0
  0
MTEXT
  5
506
330
4FE
100
AcDbEntity
  8
A-DIMS
100
AcDbMText
 10
10305.0
 20
-3262.5
 30
0.0
 40
125.0
 71
5
  1
610
  7
PLAN
  0
POINT
  5
507
330
4FE
100
AcDbEntity
  8
Defpoints
100
AcDbPoint
 10
10000.0
 20
-3360.0
 30
0.0
  0
POINT
  5
508
330
4FE
100
AcDbEntity
  8
Defpoints
100
AcDbPoint
 10
10000.0
 20
-3360.0
 30
0.0
  0
POINT
  5
509
330
4FE
100
AcDbEntity
  8
Defpoints
100
AcDbPoint
 10
10610.0
 20
-3360.0
 30
0.0
  0
ENDBLK
  5
500
330
4FE
100
AcDbEntity
  8
0
100
AcDbBlockEnd
  0
BLOCK
  5
50C
330
50B
100
AcDbEntity
  8
0
100
AcDbBlockBegin
  2
*D66
 70
1
 10
0.0
 20
0.0
 30
0.0
  3
*D66
  1

  0
LINE
  5
50E
330
50B
100
AcDbEntity
  8
0
100
AcDbLine
 10
9880.0
 20
-3160.0
 30
0.0
 11
9600.0
 21
-3160.0
 31
0.0
  0
LINE
  5
50F
330
50B
100
AcDbEntity
  8
0
100
AcDbLine
 10
9880.0
 20
-4700.0
 30
0.0
 11
9600.0
 21
-4700.0
 31
0.0
  0
INSERT
  5
510
330
50B
100
AcDbEntity
  8
A-DIMS
100
AcDbBlockReference
  2
_OBLIQUE
 10
9700.0
 20
-3160.0
 30
0.0
 41
150.0
 42
150.0
 50
-90.0
  0
INSERT
  5
512
330
50B
100
AcDbEntity
  8
A-DIMS
100
AcDbBlockReference
  2
_OBLIQUE
 10
9700.0
 20
-4700.0
 30
0.0
 41
150.0
 42
150.0
 50
-90.0
  0
LINE
  5
514
330
50B
100
AcDbEntity
  8
0
100
AcDbLine
 10
9700.0
 20
-3085.0
 30
0.0
 11
9700.0
 21
-4775.0
 31
0.0
  0
MTEXT
  5
515
330
50B
100
AcDbEntity
  8
A-DIMS
100
AcDbMText
 10
9797.5
 20
-3930.0
 30
0.0
 40
125.0
 71
5
  1
1540
  7
PLAN
 50
-90.0
  0
POINT
  5
516
330
50B
100
AcDbEntity
  8
Defpoints
100
AcDbPoint
 10
9700.0
 20
-3160.0
 30
0.0
  0
POINT
  5
517
330
50B
100
AcDbEntity
  8
Defpoints
100
AcDbPoint
 10
9880.0
 20
-3160.0
 30
0.0
  0
POINT
  5
518
330
50B
100
AcDbEntity
  8
Defpoints
100
AcDbPoint
 10
9880.0
 20
-4700.0
 30
0.0
  0
ENDBLK
  5
50D
330
50B
100
AcDbEntity
  8
0
100
AcDbBlockEnd
  0
BLOCK
  5
51B
330
51A
100
AcDbEntity
  8
0
100
AcDbBlockBegin
  2
*D67
 70
1
 10
0.0
 20
0.0
 30
0.0
  3
*D67
  1

  0
INSERT
  5
51D
330
51A
100
AcDbEntity
  8
A-DIMS
100
AcDbBlockReference
  2
_OBLIQUE
 10
10000.0
 20
-5350.0
 30
0.0
 41
150.0
 42
150.0
  0
INSERT
  5
51F
330
51A
100
AcDbEntity
  8
A-DIMS
100
AcDbBlockReference
  2
_OBLIQUE
 10
10500.0
 20
-5350.0
 30
0.0
 41
150.0
 42
150.0
  0
LINE
  5
521
330
51A
100
AcDbEntity
  8
0
100
AcDbLine
 10
9925.0
 20
-5350.0
 30
0.0
 11
10575.0
 21
-5350.0
 31
0.0
  0
MTEXT
  5
522
330
51A
100
AcDbEntity
  8
A-DIMS
100
AcDbMText
 10
10250.0
 20
-5252.5
 30
0.0
 40
125.0
 71
5
  1
500
  7
PLAN
  0
POINT
  5
523
330
51A
100
AcDbEntity
  8
Defpoints
100
AcDbPoint
 10
10000.0
 20
-5350.0
 30
0.0
  0
POINT
  5
524
330
51A
100
AcDbEntity
  8
Defpoints
100
AcDbPoint
 10
10000.0
 20
-5350.0
 30
0.0
  0
POINT
  5
525
330
51A
100
AcDbEntity
  8
Defpoints
100
AcDbPoint
 10
10500.0
 20
-5350.0
 30
0.0
  0
ENDBLK
  5
51C
330
51A
100
AcDbEntity
  8
0
100
AcDbBlockEnd
  0
BLOCK
  5
528
330
527
100
AcDbEntity
  8
0
100
AcDbBlockBegin
  2
*D68
 70
1
 10
0.0
 20
0.0
 30
0.0
  3
*D68
  1

  0
INSERT
  5
52A
330
527
100
AcDbEntity
  8
A-DIMS
100
AcDbBlockReference
  2
_OBLIQUE
 10
6410.0
 20
-7050.0
 30
0.0
 41
150.0
 42
150.0
  0
INSERT
  5
52C
330
527
100
AcDbEntity
  8
A-DIMS
100
AcDbBlockReference
  2
_OBLIQUE
 10
7460.0
 20
-7050.0
 30
0.0
 41
150.0
 42
150.0
  0
LINE
  5
52E
330
527
100
AcDbEntity
  8
0
100
AcDbLine
 10
6335.0
 20
-7050.0
 30
0.0
 11
7535.0
 21
-7050.0
 31
0.0
  0
MTEXT
  5
52F
330
527
100
AcDbEntity
  8
A-DIMS
100
AcDbMText
 10
6935.0
 20
-6952.5
 30
0.0
 40
125.0
 71
5
  1
1050
  7
PLAN
  0
POINT
  5
530
330
527
100
AcDbEntity
  8
Defpoints
100
AcDbPoint
 10
6410.0
 20
-7050.0
 30
0.0
  0
POINT
  5
531
330
527
100
AcDbEntity
  8
Defpoints
100
AcDbPoint
 10
6410.0
 20
-7050.0
 30
0.0
  0
POINT
  5
532
330
527
100
AcDbEntity
  8
Defpoints
100
AcDbPoint
 10
7460.0
 20
-7050.0
 30
0.0
  0
ENDBLK
  5
529
330
527
100
AcDbEntity
  8
0
100
AcDbBlockEnd
  0
BLOCK
  5
535
330
534
100
AcDbEntity
  8
0
100
AcDbBlockBegin
  2
*D69
 70
1
 10
0.0
 20
0.0
 30
0.0
  3
*D69
  1

  0
INSERT
  5
537
330
534
100
AcDbEntity
  8
A-DIMS
100
AcDbBlockReference
  2
_OBLIQUE
 10
7380.0
 20
-6860.0
 30
0.0
 41
150.0
 42
150.0
 50
-90.0
  0
INSERT
  5
539
330
534
100
AcDbEntity
  8
A-DIMS
100
AcDbBlockReference
  2
_OBLIQUE
 10
7380.0
 20
-8060.0
 30
0.0
 41
150.0
 42
150.0
 50
-90.0
  0
LINE
  5
53B
330
534
100
AcDbEntity
  8
0
100
AcDbLine
 10
7380.0
 20
-6785.0
 30
0.0
 11
7380.0
 21
-8135.0
 31
0.0
  0
MTEXT
  5
53C
330
534
100
AcDbEntity
  8
A-DIMS
100
AcDbMText
 10
7477.5
 20
-7460.0
 30
0.0
 40
125.0
 71
5
  1
1200
  7
PLAN
 50
-90.0
  0
POINT
  5
53D
330
534
100
AcDbEntity
  8
Defpoints
100
AcDbPoint
 10
7380.0
 20
-6860.0
 30
0.0
  0
POINT
  5
53E
330
534
100
AcDbEntity
  8
Defpoints
100
AcDbPoint
 10
7380.0
 20
-6860.0
 30
0.0
  0
POINT
  5
53F
330
534
100
AcDbEntity
  8
Defpoints
100
AcDbPoint
 10
7380.0
 20
-8060.0
 30
0.0
  0
ENDBLK
  5
536
330
534
100
AcDbEntity
  8
0
100
AcDbBlockEnd
  0
BLOCK
  5
542
330
541
100
AcDbEntity
  8
0
100
AcDbBlockBegin
  2
*D70
 70
1
 10
0.0
 20
0.0
 30
0.0
  3
*D70
  1

  0
INSERT
  5
544
330
541
100
AcDbEntity
  8
A-DIMS
100
AcDbBlockReference
  2
_OBLIQUE
 10
7460.0
 20
-13380.0
 30
0.0
 41
150.0
 42
150.0
  0
INSERT
  5
546
330
541
100
AcDbEntity
  8
A-DIMS
100
AcDbBlockReference
  2
_OBLIQUE
 10
8680.0
 20
-13380.0
 30
0.0
 41
150.0
 42
150.0
  0
LINE
  5
548
330
541
100
AcDbEntity
  8
0
100
AcDbLine
 10
7385.0
 20
-13380.0
 30
0.0
 11
8755.0
 21
-13380.0
 31
0.0
  0
MTEXT
  5
549
330
541
100
AcDbEntity
  8
A-DIMS
100
AcDbMText
 10
8070.0
 20
-13282.5
 30
0.0
 40
125.0
 71
5
  1
1220
  7
PLAN
  0
POINT
  5
54A
330
541
100
AcDbEntity
  8
Defpoints
100
AcDbPoint
 10
7460.0
 20
-13380.0
 30
0.0
  0
POINT
  5
54B
330
541
100
AcDbEntity
  8
Defpoints
100
AcDbPoint
 10
7460.0
 20
-13380.0
 30
0.0
  0
POINT
  5
54C
330
541
100
AcDbEntity
  8
Defpoints
100
AcDbPoint
 10
8680.0
 20
-13380.0
 30
0.0
  0
ENDBLK
  5
543
330
541
100
AcDbEntity
  8
0
100
AcDbBlockEnd
  0
BLOCK
  5
54F
330
54E
100
AcDbEntity
  8
0
100
AcDbBlockBegin
  2
*D71
 70
1
 10
0.0
 20
0.0
 30
0.0
  3
*D71
  1

  0
INSERT
  5
551
330
54E
100
AcDbEntity
  8
A-DIMS
100
AcDbBlockReference
  2
_OBLIQUE
 10
8680.0
 20
-13380.0
 30
0.0
 41
150.0
 42
150.0
  0
INSERT
  5
553
330
54E
100
AcDbEntity
  8
A-DIMS
100
AcDbBlockReference
  2
_OBLIQUE
 10
9310.0
 20
-13380.0
 30
0.0
 41
150.0
 42
150.0
  0
LINE
  5
555
330
54E
100
AcDbEntity
  8
0
100
AcDbLine
 10
8605.0
 20
-13380.0
 30
0.0
 11
9385.0
 21
-13380.0
 31
0.0
  0
MTEXT
  5
556
330
54E
100
AcDbEntity
  8
A-DIMS
100
AcDbMText
 10
8995.0
 20
-13282.5
 30
0.0
 40
125.0
 71
5
  1
630
  7
PLAN
  0
POINT
  5
557
330
54E
100
AcDbEntity
  8
Defpoints
100
AcDbPoint
 10
8680.0
 20
-13380.0
 30
0.0
  0
POINT
  5
558
330
54E
100
AcDbEntity
  8
Defpoints
100
AcDbPoint
 10
8680.0
 20
-13380.0
 30
0.0
  0
POINT
  5
559
330
54E
100
AcDbEntity
  8
Defpoints
100
AcDbPoint
 10
9310.0
 20
-13380.0
 30
0.0
  0
ENDBLK
  5
550
330
54E
100
AcDbEntity
  8
0
100
AcDbBlockEnd
  0
BLOCK
  5
55C
330
55B
100
AcDbEntity
  8
0
100
AcDbBlockBegin
  2
*D72
 70
1
 10
0.0
 20
0.0
 30
0.0
  3
*D72
  1

  0
INSERT
  5
55E
330
55B
100
AcDbEntity
  8
A-DIMS
100
AcDbBlockReference
  2
_OBLIQUE
 10
9310.0
 20
-13380.0
 30
0.0
 41
150.0
 42
150.0
  0
INSERT
  5
560
330
55B
100
AcDbEntity
  8
A-DIMS
100
AcDbBlockReference
  2
_OBLIQUE
 10
10110.0
 20
-13380.0
 30
0.0
 41
150.0
 42
150.0
  0
LINE
  5
562
330
55B
100
AcDbEntity
  8
0
100
AcDbLine
 10
9235.0
 20
-13380.0
 30
0.0
 11
10185.0
 21
-13380.0
 31
0.0
  0
MTEXT
  5
563
330
55B
100
AcDbEntity
  8
A-DIMS
100
AcDbMText
 10
9710.0
 20
-13282.5
 30
0.0
 40
125.0
 71
5
  1
800
  7
PLAN
  0
POINT
  5
564
330
55B
100
AcDbEntity
  8
Defpoints
100
AcDbPoint
 10
9310.0
 20
-13380.0
 30
0.0
  0
POINT
  5
565
330
55B
100
AcDbEntity
  8
Defpoints
100
AcDbPoint
 10
9310.0
 20
-13380.0
 30
0.0
  0
POINT
  5
566
330
55B
100
AcDbEntity
  8
Defpoints
100
AcDbPoint
 10
10110.0
 20
-13380.0
 30
0.0
  0
ENDBLK
  5
55D
330
55B
100
AcDbEntity
  8
0
100
AcDbBlockEnd
  0
ENDSEC
  0
SECTION
  2
ENTITIES
  0
HATCH
  5
98
330
17
100
AcDbEntity
  8
A-WALL-FILL
 62
253
100
AcDbHatch
 10
0.0
 20
0.0
 30
0.0
210
0.0
220
0.0
230
1.0
  2
SOLID
 70
1
 71
0
 91
10
 92
3
 72
0
 73
1
 93
26
 10
320.0
 20
-0.0
 10
0.0
 20
-0.0
 10
0.0
 20
-320.0
 10
0.0
 20
-620.0
 10
320.0
 20
-620.0
 10
320.0
 20
-320.0
 10
3920.0
 20
-320.0
 10
3920.0
 20
-500.0
 10
4420.0
 20
-500.0
 10
4420.0
 20
-320.0
 10
5320.0
 20
-320.0
 10
5320.0
 20
-1000.0
 10
5640.0
 20
-1000.0
 10
5640.0
 20
-320.0
 10
10110.0
 20
-320.0
 10
10110.0
 20
-500.0
 10
10610.0
 20
-500.0
 10
10610.0
 20
-320.0
 10
10930.0
 20
-320.0
 10
10930.0
 20
-0.0
 10
10610.0
 20
-0.0
 10
10110.0
 20
-0.0
 10
5640.0
 20
-0.0
 10
5320.0
 20
-0.0
 10
4420.0
 20
-0.0
 10
3920.0
 20
-0.0
 97
0
 92
3
 72
0
 73
1
 93
46
 10
0.0
 20
-2320.0
 10
0.0
 20
-2640.0
 10
320.0
 20
-2640.0
 10
1700.0
 20
-2640.0
 10
1700.0
 20
-4040.0
 10
1700.0
 20
-5090.0
 10
1700.0
 20
-5410.0
 10
3920.0
 20
-5410.0
 10
3920.0
 20
-6360.0
 10
3920.0
 20
-6860.0
 10
3920.0
 20
-8060.0
 10
3920.0
 20
-8380.0
 10
3920.0
 20
-12530.0
 10
3920.0
 20
-13030.0
 10
4240.0
 20
-13030.0
 10
4420.0
 20
-13030.0
 10
4420.0
 20
-12530.0
 10
4240.0
 20
-12530.0
 10
4240.0
 20
-8380.0
 10
4530.0
 20
-8380.0
 10
4530.0
 20
-8060.0
 10
4240.0
 20
-8060.0
 10
4240.0
 20
-6860.0
 10
4420.0
 20
-6860.0
 10
4420.0
 20
-6360.0
 10
4240.0
 20
-6360.0
 10
4240.0
 20
-5410.0
 10
4240.0
 20
-5090.0
 10
4240.0
 20
-4400.0
 10
3920.0
 20
-4400.0
 10
3920.0
 20
-5090.0
 10
2255.0
 20
-5090.0
 10
2255.0
 20
-4040.0
 10
2020.0
 20
-4040.0
 10
2020.0
 20
-2640.0
 10
3070.0
 20
-2640.0
 10
3920.0
 20
-3490.0
 10
3920.0
 20
-3650.0
 10
4240.0
 20
-3650.0
 10
4240.0
 20
-3357.4516600406096
 10
3202.5483399593904
 20
-2320.0
 10
2020.0
 20
-2320.0
 10
1700.0
 20
-2320.0
 10
320.0
 20
-2320.0
 10
320.0
 20
-1580.0
 10
0.0
 20
-1580.0
 97
0
 92
2
 72
0
 73
1
 93
4
 10
2135.0
 20
-5090.0
 10
1820.0
 20
-5090.0
 10
1820.0
 20
-4160.0
 10
2135.0
 20
-4160.0
 97
0
 92
3
 72
0
 73
1
 93
4
 10
3920.0
 20
-15000.0
 10
4240.0
 20
-15000.0
 10
4240.0
 20
-14450.0
 10
3920.0
 20
-14450.0
 97
0
 92
3
 72
0
 73
1
 93
18
 10
6090.0
 20
-8380.0
 10
6410.0
 20
-8380.0
 10
7140.0
 20
-8380.0
 10
7140.0
 20
-14680.0
 10
7460.0
 20
-14680.0
 10
7460.0
 20
-13030.0
 10
8680.0
 20
-13030.0
 10
8680.0
 20
-12710.0
 10
7460.0
 20
-12710.0
 10
7460.0
 20
-8380.0
 10
7460.0
 20
-8060.0
 10
7140.0
 20
-8060.0
 10
6410.0
 20
-8060.0
 10
6410.0
 20
-7910.0
 10
6090.0
 20
-7910.0
 10
6090.0
 20
-8060.0
 10
5430.0
 20
-8060.0
 10
5430.0
 20
-8380.0
 97
0
 92
3
 72
0
 73
1
 93
21
 10
5320.0
 20
-2940.0
 10
6090.0
 20
-3710.0
 10
6090.0
 20
-4340.0
 10
6410.0
 20
-4340.0
 10
6410.0
 20
-4190.0
 10
7110.0
 20
-4190.0
 10
7110.0
 20
-3640.0
 10
9880.0
 20
-3640.0
 10
9880.0
 20
-4700.0
 10
10000.0
 20
-4700.0
 10
10000.0
 20
-3160.0
 10
10610.0
 20
-3160.0
 10
10610.0
 20
-3040.0
 10
10000.0
 20
-3040.0
 10
9880.0
 20
-3040.0
 10
9880.0
 20
-3160.0
 10
9880.0
 20
-3320.0
 10
6152.54833995939
 20
-3320.0
 10
5640.0
 20
-2807.4516600406096
 10
5640.0
 20
-2200.0
 10
5320.0
 20
-2200.0
 97
0
 92
2
 72
0
 73
1
 93
4
 10
6410.0
 20
-4070.0
 10
6410.0
 20
-3640.0
 10
6990.0
 20
-3640.0
 10
6990.0
 20
-4070.0
 97
0
 92
3
 72
0
 73
1
 93
4
 10
10500.0
 20
-4700.0
 10
10610.0
 20
-4700.0
 10
10610.0
 20
-4150.0
 10
10500.0
 20
-4150.0
 97
0
 92
3
 72
0
 73
1
 93
14
 10
6090.0
 20
-7010.0
 10
6410.0
 20
-7010.0
 10
6410.0
 20
-6860.0
 10
10110.0
 20
-6860.0
 10
10610.0
 20
-6860.0
 10
10610.0
 20
-6540.0
 10
10610.0
 20
-6360.0
 10
10110.0
 20
-6360.0
 10
10110.0
 20
-6540.0
 10
6410.0
 20
-6540.0
 10
6410.0
 20
-5240.0
 10
6090.0
 20
-5240.0
 10
6090.0
 20
-6540.0
 10
6090.0
 20
-6860.0
 97
0
 92
3
 72
0
 73
1
 93
4
 10
10110.0
 20
-13030.0
 10
10610.0
 20
-13030.0
 10
10610.0
 20
-12530.0
 10
10110.0
 20
-12530.0
 97
0
 75
0
 76
1
 98
0
  0
LWPOLYLINE
  5
99
330
17
100
AcDbEntity
  8
A-WALL
370
50
100
AcDbPolyline
 90
26
 70
1
 10
320.0
 20
-0.0
 10
0.0
 20
-0.0
 10
0.0
 20
-320.0
 10
0.0
 20
-620.0
 10
320.0
 20
-620.0
 10
320.0
 20
-320.0
 10
3920.0
 20
-320.0
 10
3920.0
 20
-500.0
 10
4420.0
 20
-500.0
 10
4420.0
 20
-320.0
 10
5320.0
 20
-320.0
 10
5320.0
 20
-1000.0
 10
5640.0
 20
-1000.0
 10
5640.0
 20
-320.0
 10
10110.0
 20
-320.0
 10
10110.0
 20
-500.0
 10
10610.0
 20
-500.0
 10
10610.0
 20
-320.0
 10
10930.0
 20
-320.0
 10
10930.0
 20
-0.0
 10
10610.0
 20
-0.0
 10
10110.0
 20
-0.0
 10
5640.0
 20
-0.0
 10
5320.0
 20
-0.0
 10
4420.0
 20
-0.0
 10
3920.0
 20
-0.0
  0
LWPOLYLINE
  5
9A
330
17
100
AcDbEntity
  8
A-WALL
370
50
100
AcDbPolyline
 90
46
 70
1
 10
0.0
 20
-2320.0
 10
0.0
 20
-2640.0
 10
320.0
 20
-2640.0
 10
1700.0
 20
-2640.0
 10
1700.0
 20
-4040.0
 10
1700.0
 20
-5090.0
 10
1700.0
 20
-5410.0
 10
3920.0
 20
-5410.0
 10
3920.0
 20
-6360.0
 10
3920.0
 20
-6860.0
 10
3920.0
 20
-8060.0
 10
3920.0
 20
-8380.0
 10
3920.0
 20
-12530.0
 10
3920.0
 20
-13030.0
 10
4240.0
 20
-13030.0
 10
4420.0
 20
-13030.0
 10
4420.0
 20
-12530.0
 10
4240.0
 20
-12530.0
 10
4240.0
 20
-8380.0
 10
4530.0
 20
-8380.0
 10
4530.0
 20
-8060.0
 10
4240.0
 20
-8060.0
 10
4240.0
 20
-6860.0
 10
4420.0
 20
-6860.0
 10
4420.0
 20
-6360.0
 10
4240.0
 20
-6360.0
 10
4240.0
 20
-5410.0
 10
4240.0
 20
-5090.0
 10
4240.0
 20
-4400.0
 10
3920.0
 20
-4400.0
 10
3920.0
 20
-5090.0
 10
2255.0
 20
-5090.0
 10
2255.0
 20
-4040.0
 10
2020.0
 20
-4040.0
 10
2020.0
 20
-2640.0
 10
3070.0
 20
-2640.0
 10
3920.0
 20
-3490.0
 10
3920.0
 20
-3650.0
 10
4240.0
 20
-3650.0
 10
4240.0
 20
-3357.4516600406096
 10
3202.5483399593904
 20
-2320.0
 10
2020.0
 20
-2320.0
 10
1700.0
 20
-2320.0
 10
320.0
 20
-2320.0
 10
320.0
 20
-1580.0
 10
0.0
 20
-1580.0
  0
LWPOLYLINE
  5
9B
330
17
100
AcDbEntity
  8
A-WALL
370
50
100
AcDbPolyline
 90
4
 70
1
 10
2135.0
 20
-5090.0
 10
1820.0
 20
-5090.0
 10
1820.0
 20
-4160.0
 10
2135.0
 20
-4160.0
  0
LWPOLYLINE
  5
9C
330
17
100
AcDbEntity
  8
A-WALL
370
50
100
AcDbPolyline
 90
4
 70
1
 10
3920.0
 20
-15000.0
 10
4240.0
 20
-15000.0
 10
4240.0
 20
-14450.0
 10
3920.0
 20
-14450.0
  0
LWPOLYLINE
  5
9D
330
17
100
AcDbEntity
  8
A-WALL
370
50
100
AcDbPolyline
 90
18
 70
1
 10
6090.0
 20
-8380.0
 10
6410.0
 20
-8380.0
 10
7140.0
 20
-8380.0
 10
7140.0
 20
-14680.0
 10
7460.0
 20
-14680.0
 10
7460.0
 20
-13030.0
 10
8680.0
 20
-13030.0
 10
8680.0
 20
-12710.0
 10
7460.0
 20
-12710.0
 10
7460.0
 20
-8380.0
 10
7460.0
 20
-8060.0
 10
7140.0
 20
-8060.0
 10
6410.0
 20
-8060.0
 10
6410.0
 20
-7910.0
 10
6090.0
 20
-7910.0
 10
6090.0
 20
-8060.0
 10
5430.0
 20
-8060.0
 10
5430.0
 20
-8380.0
  0
LWPOLYLINE
  5
9E
330
17
100
AcDbEntity
  8
A-WALL
370
50
100
AcDbPolyline
 90
21
 70
1
 10
5320.0
 20
-2940.0
 10
6090.0
 20
-3710.0
 10
6090.0
 20
-4340.0
 10
6410.0
 20
-4340.0
 10
6410.0
 20
-4190.0
 10
7110.0
 20
-4190.0
 10
7110.0
 20
-3640.0
 10
9880.0
 20
-3640.0
 10
9880.0
 20
-4700.0
 10
10000.0
 20
-4700.0
 10
10000.0
 20
-3160.0
 10
10610.0
 20
-3160.0
 10
10610.0
 20
-3040.0
 10
10000.0
 20
-3040.0
 10
9880.0
 20
-3040.0
 10
9880.0
 20
-3160.0
 10
9880.0
 20
-3320.0
 10
6152.54833995939
 20
-3320.0
 10
5640.0
 20
-2807.4516600406096
 10
5640.0
 20
-2200.0
 10
5320.0
 20
-2200.0
  0
LWPOLYLINE
  5
9F
330
17
100
AcDbEntity
  8
A-WALL
370
50
100
AcDbPolyline
 90
4
 70
1
 10
6410.0
 20
-4070.0
 10
6410.0
 20
-3640.0
 10
6990.0
 20
-3640.0
 10
6990.0
 20
-4070.0
  0
LWPOLYLINE
  5
A0
330
17
100
AcDbEntity
  8
A-WALL
370
50
100
AcDbPolyline
 90
4
 70
1
 10
10500.0
 20
-4700.0
 10
10610.0
 20
-4700.0
 10
10610.0
 20
-4150.0
 10
10500.0
 20
-4150.0
  0
LWPOLYLINE
  5
A1
330
17
100
AcDbEntity
  8
A-WALL
370
50
100
AcDbPolyline
 90
14
 70
1
 10
6090.0
 20
-7010.0
 10
6410.0
 20
-7010.0
 10
6410.0
 20
-6860.0
 10
10110.0
 20
-6860.0
 10
10610.0
 20
-6860.0
 10
10610.0
 20
-6540.0
 10
10610.0
 20
-6360.0
 10
10110.0
 20
-6360.0
 10
10110.0
 20
-6540.0
 10
6410.0
 20
-6540.0
 10
6410.0
 20
-5240.0
 10
6090.0
 20
-5240.0
 10
6090.0
 20
-6540.0
 10
6090.0
 20
-6860.0
  0
LWPOLYLINE
  5
A2
330
17
100
AcDbEntity
  8
A-WALL
370
50
100
AcDbPolyline
 90
4
 70
1
 10
10110.0
 20
-13030.0
 10
10610.0
 20
-13030.0
 10
10610.0
 20
-12530.0
 10
10110.0
 20
-12530.0
  0
HATCH
  5
A3
330
17
100
AcDbEntity
  8
A-COLS
 62
250
100
AcDbHatch
 10
0.0
 20
0.0
 30
0.0
210
0.0
220
0.0
230
1.0
  2
SOLID
 70
1
 71
0
 91
6
 92
3
 72
0
 73
1
 93
4
 10
3920.0
 20
-500.0
 10
4420.0
 20
-500.0
 10
4420.0
 20
-0.0
 10
3920.0
 20
-0.0
 97
0
 92
3
 72
0
 73
1
 93
4
 10
10610.0
 20
-500.0
 10
10610.0
 20
-0.0
 10
10110.0
 20
-0.0
 10
10110.0
 20
-500.0
 97
0
 92
3
 72
0
 73
1
 93
4
 10
4420.0
 20
-6860.0
 10
4420.0
 20
-6360.0
 10
3920.0
 20
-6360.0
 10
3920.0
 20
-6860.0
 97
0
 92
3
 72
0
 73
1
 93
4
 10
10110.0
 20
-6860.0
 10
10610.0
 20
-6860.0
 10
10610.0
 20
-6360.0
 10
10110.0
 20
-6360.0
 97
0
 92
3
 72
0
 73
1
 93
4
 10
4420.0
 20
-13030.0
 10
4420.0
 20
-12530.0
 10
3920.0
 20
-12530.0
 10
3920.0
 20
-13030.0
 97
0
 92
3
 72
0
 73
1
 93
4
 10
10610.0
 20
-13030.0
 10
10610.0
 20
-12530.0
 10
10110.0
 20
-12530.0
 10
10110.0
 20
-13030.0
 97
0
 75
0
 76
1
 98
0
  0
LWPOLYLINE
  5
A4
330
17
100
AcDbEntity
  8
A-COLS
370
50
100
AcDbPolyline
 90
4
 70
1
 10
3920.0
 20
-500.0
 10
4420.0
 20
-500.0
 10
4420.0
 20
-0.0
 10
3920.0
 20
-0.0
  0
LWPOLYLINE
  5
A5
330
17
100
AcDbEntity
  8
A-COLS
370
50
100
AcDbPolyline
 90
4
 70
1
 10
10610.0
 20
-500.0
 10
10610.0
 20
-0.0
 10
10110.0
 20
-0.0
 10
10110.0
 20
-500.0
  0
LWPOLYLINE
  5
A6
330
17
100
AcDbEntity
  8
A-COLS
370
50
100
AcDbPolyline
 90
4
 70
1
 10
4420.0
 20
-6860.0
 10
4420.0
 20
-6360.0
 10
3920.0
 20
-6360.0
 10
3920.0
 20
-6860.0
  0
LWPOLYLINE
  5
A7
330
17
100
AcDbEntity
  8
A-COLS
370
50
100
AcDbPolyline
 90
4
 70
1
 10
10110.0
 20
-6860.0
 10
10610.0
 20
-6860.0
 10
10610.0
 20
-6360.0
 10
10110.0
 20
-6360.0
  0
LWPOLYLINE
  5
A8
330
17
100
AcDbEntity
  8
A-COLS
370
50
100
AcDbPolyline
 90
4
 70
1
 10
4420.0
 20
-13030.0
 10
4420.0
 20
-12530.0
 10
3920.0
 20
-12530.0
 10
3920.0
 20
-13030.0
  0
LWPOLYLINE
  5
A9
330
17
100
AcDbEntity
  8
A-COLS
370
50
100
AcDbPolyline
 90
4
 70
1
 10
10610.0
 20
-13030.0
 10
10610.0
 20
-12530.0
 10
10110.0
 20
-12530.0
 10
10110.0
 20
-13030.0
  0
LINE
  5
AA
330
17
100
AcDbEntity
  8
A-WALL
370
18
100
AcDbLine
 10
1820.0
 20
-4160.0
 30
0.0
 11
2135.0
 21
-5090.0
 31
0.0
  0
LINE
  5
AB
330
17
100
AcDbEntity
  8
A-WALL
370
18
100
AcDbLine
 10
2135.0
 20
-4160.0
 30
0.0
 11
1820.0
 21
-5090.0
 31
0.0
  0
LINE
  5
AC
330
17
100
AcDbEntity
  8
A-WALL
370
18
100
AcDbLine
 10
6410.0
 20
-3640.0
 30
0.0
 11
6990.0
 21
-4070.0
 31
0.0
  0
LINE
  5
AD
330
17
100
AcDbEntity
  8
A-WALL
370
18
100
AcDbLine
 10
6990.0
 20
-3640.0
 30
0.0
 11
6410.0
 21
-4070.0
 31
0.0
  0
LINE
  5
AE
330
17
100
AcDbEntity
  8
A-GLAZ
370
25
100
AcDbLine
 10
3920.0
 20
-13030.0
 30
0.0
 11
3920.0
 21
-14450.0
 31
0.0
  0
LINE
  5
AF
330
17
100
AcDbEntity
  8
A-GLAZ
370
25
100
AcDbLine
 10
4240.0
 20
-13030.0
 30
0.0
 11
4240.0
 21
-14450.0
 31
0.0
  0
LINE
  5
B0
330
17
100
AcDbEntity
  8
A-GLAZ
370
18
100
AcDbLine
 10
4050.0
 20
-13030.0
 30
0.0
 11
4050.0
 21
-14450.0
 31
0.0
  0
LINE
  5
B1
330
17
100
AcDbEntity
  8
A-GLAZ
370
18
100
AcDbLine
 10
4110.0
 20
-13030.0
 30
0.0
 11
4110.0
 21
-14450.0
 31
0.0
  0
LINE
  5
B2
330
17
100
AcDbEntity
  8
A-GLAZ
370
25
100
AcDbLine
 10
8680.0
 20
-12710.0
 30
0.0
 11
9310.0
 21
-12710.0
 31
0.0
  0
LINE
  5
B3
330
17
100
AcDbEntity
  8
A-GLAZ
370
25
100
AcDbLine
 10
8680.0
 20
-13030.0
 30
0.0
 11
9310.0
 21
-13030.0
 31
0.0
  0
LINE
  5
B4
330
17
100
AcDbEntity
  8
A-GLAZ
370
18
100
AcDbLine
 10
8680.0
 20
-12840.0
 30
0.0
 11
9310.0
 21
-12840.0
 31
0.0
  0
LINE
  5
B5
330
17
100
AcDbEntity
  8
A-GLAZ
370
18
100
AcDbLine
 10
8680.0
 20
-12900.0
 30
0.0
 11
9310.0
 21
-12900.0
 31
0.0
  0
LWPOLYLINE
  5
B6
330
17
100
AcDbEntity
  8
A-GLAZ
370
25
100
AcDbPolyline
 90
3
 70
0
 10
10930.0
 20
-320.0
 10
10930.0
 20
-15000.0
 10
4240.0
 20
-15000.0
  0
LWPOLYLINE
  5
B7
330
17
100
AcDbEntity
  8
A-GLAZ
370
25
100
AcDbPolyline
 90
3
 70
0
 10
10610.0
 20
-320.0
 10
10610.0
 20
-14680.0
 10
4240.0
 20
-14680.0
  0
LWPOLYLINE
  5
B8
330
17
100
AcDbEntity
  8
A-GLAZ
370
18
100
AcDbPolyline
 90
3
 70
0
 10
10740.0
 20
-320.0
 10
10740.0
 20
-14810.0
 10
4240.0
 20
-14810.0
  0
LWPOLYLINE
  5
B9
330
17
100
AcDbEntity
  8
A-GLAZ
370
18
100
AcDbPolyline
 90
3
 70
0
 10
10800.0
 20
-320.0
 10
10800.0
 20
-14870.0
 10
4240.0
 20
-14870.0
  0
LWPOLYLINE
  5
BA
330
17
100
AcDbEntity
  8
A-DOOR
370
25
100
AcDbPolyline
 90
4
 70
1
 10
0.0
 20
-620.0
 10
-960.0
 20
-620.0
 10
-960.0
 20
-580.0
 10
0.0
 20
-580.0
  0
ARC
  5
BB
330
17
100
AcDbEntity
  8
A-DOOR
370
13
100
AcDbCircle
 10
0.0
 20
-620.0
 30
0.0
 40
960.0
100
AcDbArc
 50
180.0
 51
-90.0
  0
LWPOLYLINE
  5
BC
330
17
100
AcDbEntity
  8
A-DOOR
370
25
100
AcDbPolyline
 90
4
 70
1
 10
5320.0
 20
-1000.0
 10
4720.0
 20
-1000.0
 10
4720.0
 20
-960.0
 10
5320.0
 20
-960.0
  0
ARC
  5
BD
330
17
100
AcDbEntity
  8
A-DOOR
370
13
100
AcDbCircle
 10
5320.0
 20
-1000.0
 30
0.0
 40
600.0
100
AcDbArc
 50
180.0
 51
-90.0
  0
LWPOLYLINE
  5
BE
330
17
100
AcDbEntity
  8
A-DOOR
370
25
100
AcDbPolyline
 90
4
 70
1
 10
5320.0
 20
-2200.0
 10
4720.0
 20
-2200.0
 10
4720.0
 20
-2240.0
 10
5320.0
 20
-2240.0
  0
ARC
  5
BF
330
17
100
AcDbEntity
  8
A-DOOR
370
13
100
AcDbCircle
 10
5320.0
 20
-2200.0
 30
0.0
 40
600.0
100
AcDbArc
 50
90.0
 51
180.0
  0
LWPOLYLINE
  5
C0
330
17
100
AcDbEntity
  8
A-DOOR
370
25
100
AcDbPolyline
 90
4
 70
1
 10
3920.0
 20
-3650.0
 10
3170.0
 20
-3650.0
 10
3170.0
 20
-3610.0
 10
3920.0
 20
-3610.0
  0
ARC
  5
C1
330
17
100
AcDbEntity
  8
A-DOOR
370
13
100
AcDbCircle
 10
3920.0
 20
-3650.0
 30
0.0
 40
750.0
100
AcDbArc
 50
180.0
 51
-90.0
  0
LWPOLYLINE
  5
C2
330
17
100
AcDbEntity
  8
A-DOOR
370
25
100
AcDbPolyline
 90
4
 70
1
 10
6410.0
 20
-4340.0
 10
7310.0
 20
-4340.0
 10
7310.0
 20
-4300.0
 10
6410.0
 20
-4300.0
  0
ARC
  5
C3
330
17
100
AcDbEntity
  8
A-DOOR
370
13
100
AcDbCircle
 10
6410.0
 20
-4340.0
 30
0.0
 40
900.0
100
AcDbArc
 50
-90.0
 51
0.0
  0
LWPOLYLINE
  5
C4
330
17
100
AcDbEntity
  8
A-DOOR
370
25
100
AcDbPolyline
 90
4
 70
1
 10
6410.0
 20
-7910.0
 10
7310.0
 20
-7910.0
 10
7310.0
 20
-7950.0
 10
6410.0
 20
-7950.0
  0
ARC
  5
C5
330
17
100
AcDbEntity
  8
A-DOOR
370
13
100
AcDbCircle
 10
6410.0
 20
-7910.0
 30
0.0
 40
900.0
100
AcDbArc
 50
0.0
 51
90.0
  0
LWPOLYLINE
  5
C6
330
17
100
AcDbEntity
  8
A-DOOR
370
25
100
AcDbPolyline
 90
4
 70
1
 10
4530.0
 20
-8060.0
 10
4530.0
 20
-7160.0
 10
4490.0
 20
-7160.0
 10
4490.0
 20
-8060.0
  0
ARC
  5
C7
330
17
100
AcDbEntity
  8
A-DOOR
370
13
100
AcDbCircle
 10
4530.0
 20
-8060.0
 30
0.0
 40
900.0
100
AcDbArc
 50
0.0
 51
90.0
  0
LWPOLYLINE
  5
C8
330
17
100
AcDbEntity
  8
A-DOOR
370
25
100
AcDbPolyline
 90
4
 70
1
 10
10110.0
 20
-13030.0
 10
10110.0
 20
-13830.0
 10
10150.0
 20
-13830.0
 10
10150.0
 20
-13030.0
  0
ARC
  5
C9
330
17
100
AcDbEntity
  8
A-DOOR
370
13
100
AcDbCircle
 10
10110.0
 20
-13030.0
 30
0.0
 40
800.0
100
AcDbArc
 50
180.0
 51
-90.0
  0
LINE
  5
CA
330
17
100
AcDbEntity
  8
A-DOOR
370
13
100
AcDbLine
 10
9310.0
 20
-12870.0
 30
0.0
 11
10110.0
 21
-12870.0
 31
0.0
  0
LWPOLYLINE
  5
CB
330
17
100
AcDbEntity
  8
A-DOOR
370
25
100
AcDbPolyline
 90
4
 70
1
 10
10500.0
 20
-4700.0
 10
10500.0
 20
-5200.0
 10
10540.0
 20
-5200.0
 10
10540.0
 20
-4700.0
  0
ARC
  5
CC
330
17
100
AcDbEntity
  8
A-DOOR
370
13
100
AcDbCircle
 10
10500.0
 20
-4700.0
 30
0.0
 40
500.0
100
AcDbArc
 50
180.0
 51
-90.0
  0
LWPOLYLINE
  5
CD
330
17
100
AcDbEntity
  8
A-EQPM
370
18
100
AcDbPolyline
 90
4
 70
1
 10
320.0
 20
-1870.0
 10
3100.0
 20
-1870.0
 10
3100.0
 20
-2320.0
 10
320.0
 20
-2320.0
  0
LINE
  5
CE
330
17
100
AcDbEntity
  8
A-EQPM
370
9
100
AcDbLine
 10
470.0
 20
-1870.0
 30
0.0
 11
470.0
 21
-2320.0
 31
0.0
  0
LINE
  5
CF
330
17
100
AcDbEntity
  8
A-EQPM
370
9
100
AcDbLine
 10
620.0
 20
-1870.0
 30
0.0
 11
620.0
 21
-2320.0
 31
0.0
  0
LINE
  5
D0
330
17
100
AcDbEntity
  8
A-EQPM
370
9
100
AcDbLine
 10
770.0
 20
-1870.0
 30
0.0
 11
770.0
 21
-2320.0
 31
0.0
  0
LINE
  5
D1
330
17
100
AcDbEntity
  8
A-EQPM
370
9
100
AcDbLine
 10
920.0
 20
-1870.0
 30
0.0
 11
920.0
 21
-2320.0
 31
0.0
  0
LINE
  5
D2
330
17
100
AcDbEntity
  8
A-EQPM
370
9
100
AcDbLine
 10
1070.0
 20
-1870.0
 30
0.0
 11
1070.0
 21
-2320.0
 31
0.0
  0
LINE
  5
D3
330
17
100
AcDbEntity
  8
A-EQPM
370
9
100
AcDbLine
 10
1220.0
 20
-1870.0
 30
0.0
 11
1220.0
 21
-2320.0
 31
0.0
  0
LINE
  5
D4
330
17
100
AcDbEntity
  8
A-EQPM
370
9
100
AcDbLine
 10
1370.0
 20
-1870.0
 30
0.0
 11
1370.0
 21
-2320.0
 31
0.0
  0
LINE
  5
D5
330
17
100
AcDbEntity
  8
A-EQPM
370
9
100
AcDbLine
 10
1520.0
 20
-1870.0
 30
0.0
 11
1520.0
 21
-2320.0
 31
0.0
  0
LINE
  5
D6
330
17
100
AcDbEntity
  8
A-EQPM
370
9
100
AcDbLine
 10
1670.0
 20
-1870.0
 30
0.0
 11
1670.0
 21
-2320.0
 31
0.0
  0
LINE
  5
D7
330
17
100
AcDbEntity
  8
A-EQPM
370
9
100
AcDbLine
 10
1820.0
 20
-1870.0
 30
0.0
 11
1820.0
 21
-2320.0
 31
0.0
  0
LINE
  5
D8
330
17
100
AcDbEntity
  8
A-EQPM
370
9
100
AcDbLine
 10
1970.0
 20
-1870.0
 30
0.0
 11
1970.0
 21
-2320.0
 31
0.0
  0
LINE
  5
D9
330
17
100
AcDbEntity
  8
A-EQPM
370
9
100
AcDbLine
 10
2120.0
 20
-1870.0
 30
0.0
 11
2120.0
 21
-2320.0
 31
0.0
  0
LINE
  5
DA
330
17
100
AcDbEntity
  8
A-EQPM
370
9
100
AcDbLine
 10
2270.0
 20
-1870.0
 30
0.0
 11
2270.0
 21
-2320.0
 31
0.0
  0
LINE
  5
DB
330
17
100
AcDbEntity
  8
A-EQPM
370
9
100
AcDbLine
 10
2420.0
 20
-1870.0
 30
0.0
 11
2420.0
 21
-2320.0
 31
0.0
  0
LINE
  5
DC
330
17
100
AcDbEntity
  8
A-EQPM
370
9
100
AcDbLine
 10
2570.0
 20
-1870.0
 30
0.0
 11
2570.0
 21
-2320.0
 31
0.0
  0
LINE
  5
DD
330
17
100
AcDbEntity
  8
A-EQPM
370
9
100
AcDbLine
 10
2720.0
 20
-1870.0
 30
0.0
 11
2720.0
 21
-2320.0
 31
0.0
  0
LINE
  5
DE
330
17
100
AcDbEntity
  8
A-EQPM
370
9
100
AcDbLine
 10
2870.0
 20
-1870.0
 30
0.0
 11
2870.0
 21
-2320.0
 31
0.0
  0
LINE
  5
DF
330
17
100
AcDbEntity
  8
A-EQPM
370
9
100
AcDbLine
 10
3020.0
 20
-1870.0
 30
0.0
 11
3020.0
 21
-2320.0
 31
0.0
  0
LWPOLYLINE
  5
E0
330
17
100
AcDbEntity
  8
A-EQPM
370
18
100
AcDbPolyline
 90
4
 70
1
 10
5530.0
 20
-8380.0
 10
7140.0
 20
-8380.0
 10
7140.0
 20
-8980.0
 10
5530.0
 20
-8980.0
  0
LINE
  5
E1
330
17
100
AcDbEntity
  8
A-EQPM
370
9
100
AcDbLine
 10
5680.0
 20
-8380.0
 30
0.0
 11
5680.0
 21
-8980.0
 31
0.0
  0
LINE
  5
E2
330
17
100
AcDbEntity
  8
A-EQPM
370
9
100
AcDbLine
 10
5830.0
 20
-8380.0
 30
0.0
 11
5830.0
 21
-8980.0
 31
0.0
  0
LINE
  5
E3
330
17
100
AcDbEntity
  8
A-EQPM
370
9
100
AcDbLine
 10
5980.0
 20
-8380.0
 30
0.0
 11
5980.0
 21
-8980.0
 31
0.0
  0
LINE
  5
E4
330
17
100
AcDbEntity
  8
A-EQPM
370
9
100
AcDbLine
 10
6130.0
 20
-8380.0
 30
0.0
 11
6130.0
 21
-8980.0
 31
0.0
  0
LINE
  5
E5
330
17
100
AcDbEntity
  8
A-EQPM
370
9
100
AcDbLine
 10
6280.0
 20
-8380.0
 30
0.0
 11
6280.0
 21
-8980.0
 31
0.0
  0
LINE
  5
E6
330
17
100
AcDbEntity
  8
A-EQPM
370
9
100
AcDbLine
 10
6430.0
 20
-8380.0
 30
0.0
 11
6430.0
 21
-8980.0
 31
0.0
  0
LINE
  5
E7
330
17
100
AcDbEntity
  8
A-EQPM
370
9
100
AcDbLine
 10
6580.0
 20
-8380.0
 30
0.0
 11
6580.0
 21
-8980.0
 31
0.0
  0
LINE
  5
E8
330
17
100
AcDbEntity
  8
A-EQPM
370
9
100
AcDbLine
 10
6730.0
 20
-8380.0
 30
0.0
 11
6730.0
 21
-8980.0
 31
0.0
  0
LINE
  5
E9
330
17
100
AcDbEntity
  8
A-EQPM
370
9
100
AcDbLine
 10
6880.0
 20
-8380.0
 30
0.0
 11
6880.0
 21
-8980.0
 31
0.0
  0
LINE
  5
EA
330
17
100
AcDbEntity
  8
A-EQPM
370
9
100
AcDbLine
 10
7030.0
 20
-8380.0
 30
0.0
 11
7030.0
 21
-8980.0
 31
0.0
  0
LWPOLYLINE
  5
EB
330
17
100
AcDbEntity
  8
A-EQPM
370
18
100
AcDbPolyline
 90
4
 70
1
 10
8680.0
 20
-6860.0
 10
10610.0
 20
-6860.0
 10
10610.0
 20
-7460.0
 10
8680.0
 20
-7460.0
  0
LINE
  5
EC
330
17
100
AcDbEntity
  8
A-EQPM
370
9
100
AcDbLine
 10
8830.0
 20
-6860.0
 30
0.0
 11
8830.0
 21
-7460.0
 31
0.0
  0
LINE
  5
ED
330
17
100
AcDbEntity
  8
A-EQPM
370
9
100
AcDbLine
 10
8980.0
 20
-6860.0
 30
0.0
 11
8980.0
 21
-7460.0
 31
0.0
  0
LINE
  5
EE
330
17
100
AcDbEntity
  8
A-EQPM
370
9
100
AcDbLine
 10
9130.0
 20
-6860.0
 30
0.0
 11
9130.0
 21
-7460.0
 31
0.0
  0
LINE
  5
EF
330
17
100
AcDbEntity
  8
A-EQPM
370
9
100
AcDbLine
 10
9280.0
 20
-6860.0
 30
0.0
 11
9280.0
 21
-7460.0
 31
0.0
  0
LINE
  5
F0
330
17
100
AcDbEntity
  8
A-EQPM
370
9
100
AcDbLine
 10
9430.0
 20
-6860.0
 30
0.0
 11
9430.0
 21
-7460.0
 31
0.0
  0
LINE
  5
F1
330
17
100
AcDbEntity
  8
A-EQPM
370
9
100
AcDbLine
 10
9580.0
 20
-6860.0
 30
0.0
 11
9580.0
 21
-7460.0
 31
0.0
  0
LINE
  5
F2
330
17
100
AcDbEntity
  8
A-EQPM
370
9
100
AcDbLine
 10
9730.0
 20
-6860.0
 30
0.0
 11
9730.0
 21
-7460.0
 31
0.0
  0
LINE
  5
F3
330
17
100
AcDbEntity
  8
A-EQPM
370
9
100
AcDbLine
 10
9880.0
 20
-6860.0
 30
0.0
 11
9880.0
 21
-7460.0
 31
0.0
  0
LINE
  5
F4
330
17
100
AcDbEntity
  8
A-EQPM
370
9
100
AcDbLine
 10
10030.0
 20
-6860.0
 30
0.0
 11
10030.0
 21
-7460.0
 31
0.0
  0
LINE
  5
F5
330
17
100
AcDbEntity
  8
A-EQPM
370
9
100
AcDbLine
 10
10180.0
 20
-6860.0
 30
0.0
 11
10180.0
 21
-7460.0
 31
0.0
  0
LINE
  5
F6
330
17
100
AcDbEntity
  8
A-EQPM
370
9
100
AcDbLine
 10
10330.0
 20
-6860.0
 30
0.0
 11
10330.0
 21
-7460.0
 31
0.0
  0
LINE
  5
F7
330
17
100
AcDbEntity
  8
A-EQPM
370
9
100
AcDbLine
 10
10480.0
 20
-6860.0
 30
0.0
 11
10480.0
 21
-7460.0
 31
0.0
  0
LINE
  5
F8
330
17
100
AcDbEntity
  8
A-EQPM
370
13
100
AcDbLine
 10
2020.0
 20
-3450.0
 30
0.0
 11
3880.0
 21
-3450.0
 31
0.0
  0
LINE
  5
F9
330
17
100
AcDbEntity
  8
A-GLAZ
370
35
100
AcDbLine
 10
2020.0
 20
-3450.0
 30
0.0
 11
2830.0
 21
-3450.0
 31
0.0
  0
CIRCLE
  5
FA
330
17
100
AcDbEntity
  8
A-EQPM
370
13
100
AcDbCircle
 10
2450.0
 20
-3040.0
 30
0.0
 40
50.0
  0
LWPOLYLINE
  5
FB
330
17
100
AcDbEntity
  8
A-EQPM
370
13
100
AcDbPolyline
 90
4
 70
1
 10
2340.0
 20
-4910.0
 10
2720.0
 20
-4910.0
 10
2720.0
 20
-5090.0
 10
2340.0
 20
-5090.0
  0
LWPOLYLINE
  5
FC
330
17
100
AcDbEntity
  8
A-EQPM
370
13
100
AcDbPolyline
 90
7
 70
0
 10
2350.0
 20
-4910.0
 10
2350.0
 20
-4640.0
 10
2410.0
 20
-4490.0
 10
2530.0
 20
-4440.0
 10
2650.0
 20
-4490.0
 10
2710.0
 20
-4640.0
 10
2710.0
 20
-4910.0
  0
LWPOLYLINE
  5
FD
330
17
100
AcDbEntity
  8
A-EQPM
370
13
100
AcDbPolyline
 90
4
 70
1
 10
3170.0
 20
-4640.0
 10
3770.0
 20
-4640.0
 10
3770.0
 20
-5090.0
 10
3170.0
 20
-5090.0
  0
LWPOLYLINE
  5
FE
330
17
100
AcDbEntity
  8
A-EQPM
370
13
100
AcDbPolyline
 90
5
 70
0
 10
3230.0
 20
-5030.0
 10
3230.0
 20
-4760.0
 10
3470.0
 20
-4690.0
 10
3710.0
 20
-4760.0
 10
3710.0
 20
-5030.0
  0
LWPOLYLINE
  5
FF
330
17
100
AcDbEntity
  8
A-EQPM
370
18
100
AcDbPolyline
 90
4
 70
1
 10
7110.0
 20
-3640.0
 10
9880.0
 20
-3640.0
 10
9880.0
 20
-4240.0
 10
7110.0
 20
-4240.0
  0
LWPOLYLINE
  5
100
330
17
100
AcDbEntity
  8
A-EQPM
370
13
100
AcDbPolyline
 90
4
 70
1
 10
7700.0
 20
-3720.0
 10
8250.0
 20
-3720.0
 10
8250.0
 20
-4160.0
 10
7700.0
 20
-4160.0
  0
CIRCLE
  5
101
330
17
100
AcDbEntity
  8
A-EQPM
370
13
100
AcDbCircle
 10
7975.0
 20
-3940.0
 30
0.0
 40
40.0
  0
LWPOLYLINE
  5
102
330
17
100
AcDbEntity
  8
A-EQPM
370
13
100
AcDbPolyline
 90
4
 70
1
 10
8750.0
 20
-3680.0
 10
9330.0
 20
-3680.0
 10
9330.0
 20
-4200.0
 10
8750.0
 20
-4200.0
  0
CIRCLE
  5
103
330
17
100
AcDbEntity
  8
A-EQPM
370
13
100
AcDbCircle
 10
8900.0
 20
-3830.0
 30
0.0
 40
90.0
  0
CIRCLE
  5
104
330
17
100
AcDbEntity
  8
A-EQPM
370
13
100
AcDbCircle
 10
9180.0
 20
-3830.0
 30
0.0
 40
110.0
  0
CIRCLE
  5
105
330
17
100
AcDbEntity
  8
A-EQPM
370
13
100
AcDbCircle
 10
8900.0
 20
-4150.0
 30
0.0
 40
110.0
  0
CIRCLE
  5
106
330
17
100
AcDbEntity
  8
A-EQPM
370
13
100
AcDbCircle
 10
9180.0
 20
-4150.0
 30
0.0
 40
90.0
  0
LWPOLYLINE
  5
107
330
17
100
AcDbEntity
  8
A-EQPM
370
18
100
AcDbPolyline
 90
4
 70
1
 10
6410.0
 20
-5940.0
 10
7110.0
 20
-5940.0
 10
7110.0
 20
-6540.0
 10
6410.0
 20
-6540.0
  0
LINE
  5
108
330
17
100
AcDbEntity
  8
A-EQPM
370
13
100
AcDbLine
 10
6650.0
 20
-6240.0
 30
0.0
 11
6870.0
 21
-6240.0
 31
0.0
  0
LINE
  5
109
330
17
100
AcDbEntity
  8
A-EQPM
370
13
100
AcDbLine
 10
6705.0
 20
-6144.737205583711
 30
0.0
 11
6815.0
 21
-6335.262794416289
 31
0.0
  0
LINE
  5
10A
330
17
100
AcDbEntity
  8
A-EQPM
370
13
100
AcDbLine
 10
6815.0
 20
-6144.737205583711
 30
0.0
 11
6705.0
 21
-6335.262794416289
 31
0.0
  0
LWPOLYLINE
  5
10B
330
17
100
AcDbEntity
  8
A-FURN
370
13
100
AcDbPolyline
 90
4
 70
1
 10
7980.0
 20
-5840.0
 10
9380.0
 20
-5840.0
 10
9380.0
 20
-6540.0
 10
7980.0
 20
-6540.0
  0
LWPOLYLINE
  5
10C
330
17
100
AcDbEntity
  8
A-FURN
370
13
100
AcDbPolyline
 90
4
 70
1
 10
8105.0
 20
-5335.0
 10
8555.0
 20
-5335.0
 10
8555.0
 20
-5785.0
 10
8105.0
 20
-5785.0
  0
LWPOLYLINE
  5
10D
330
17
100
AcDbEntity
  8
A-FURN
370
13
100
AcDbPolyline
 90
4
 70
1
 10
8105.0
 20
-5335.0
 10
8555.0
 20
-5335.0
 10
8555.0
 20
-5415.0
 10
8105.0
 20
-5415.0
  0
LWPOLYLINE
  5
10E
330
17
100
AcDbEntity
  8
A-FURN
370
13
100
AcDbPolyline
 90
4
 70
1
 10
8805.0
 20
-5335.0
 10
9255.0
 20
-5335.0
 10
9255.0
 20
-5785.0
 10
8805.0
 20
-5785.0
  0
LWPOLYLINE
  5
10F
330
17
100
AcDbEntity
  8
A-FURN
370
13
100
AcDbPolyline
 90
4
 70
1
 10
8805.0
 20
-5335.0
 10
9255.0
 20
-5335.0
 10
9255.0
 20
-5415.0
 10
8805.0
 20
-5415.0
  0
LWPOLYLINE
  5
110
330
17
100
AcDbEntity
  8
A-FURN
370
13
100
AcDbPolyline
 90
4
 70
1
 10
7475.0
 20
-5965.0
 10
7925.0
 20
-5965.0
 10
7925.0
 20
-6415.0
 10
7475.0
 20
-6415.0
  0
LWPOLYLINE
  5
111
330
17
100
AcDbEntity
  8
A-FURN
370
13
100
AcDbPolyline
 90
4
 70
1
 10
7475.0
 20
-5965.0
 10
7555.0
 20
-5965.0
 10
7555.0
 20
-6415.0
 10
7475.0
 20
-6415.0
  0
LWPOLYLINE
  5
112
330
17
100
AcDbEntity
  8
A-FURN
370
13
100
AcDbPolyline
 90
4
 70
1
 10
9435.0
 20
-5965.0
 10
9885.0
 20
-5965.0
 10
9885.0
 20
-6415.0
 10
9435.0
 20
-6415.0
  0
LWPOLYLINE
  5
113
330
17
100
AcDbEntity
  8
A-FURN
370
13
100
AcDbPolyline
 90
4
 70
1
 10
9805.0
 20
-5965.0
 10
9885.0
 20
-5965.0
 10
9885.0
 20
-6415.0
 10
9805.0
 20
-6415.0
  0
LWPOLYLINE
  5
114
330
17
100
AcDbEntity
  8
A-FURN
370
13
100
AcDbPolyline
 90
4
 70
1
 10
6725.0
 20
-1270.0
 10
9525.0
 20
-1270.0
 10
9525.0
 20
-2370.0
 10
6725.0
 20
-2370.0
  0
LWPOLYLINE
  5
115
330
17
100
AcDbEntity
  8
A-FURN
370
13
100
AcDbPolyline
 90
4
 70
1
 10
6910.0
 20
-795.0
 10
7390.0
 20
-795.0
 10
7390.0
 20
-1245.0
 10
6910.0
 20
-1245.0
  0
LWPOLYLINE
  5
116
330
17
100
AcDbEntity
  8
A-FURN
370
13
100
AcDbPolyline
 90
4
 70
1
 10
6910.0
 20
-795.0
 10
7390.0
 20
-795.0
 10
7390.0
 20
-875.0
 10
6910.0
 20
-875.0
  0
LWPOLYLINE
  5
117
330
17
100
AcDbEntity
  8
A-FURN
370
13
100
AcDbPolyline
 90
4
 70
1
 10
6910.0
 20
-2395.0
 10
7390.0
 20
-2395.0
 10
7390.0
 20
-2845.0
 10
6910.0
 20
-2845.0
  0
LWPOLYLINE
  5
118
330
17
100
AcDbEntity
  8
A-FURN
370
13
100
AcDbPolyline
 90
4
 70
1
 10
6910.0
 20
-2765.0
 10
7390.0
 20
-2765.0
 10
7390.0
 20
-2845.0
 10
6910.0
 20
-2845.0
  0
LWPOLYLINE
  5
119
330
17
100
AcDbEntity
  8
A-FURN
370
13
100
AcDbPolyline
 90
4
 70
1
 10
7560.0
 20
-795.0
 10
8040.0
 20
-795.0
 10
8040.0
 20
-1245.0
 10
7560.0
 20
-1245.0
  0
LWPOLYLINE
  5
11A
330
17
100
AcDbEntity
  8
A-FURN
370
13
100
AcDbPolyline
 90
4
 70
1
 10
7560.0
 20
-795.0
 10
8040.0
 20
-795.0
 10
8040.0
 20
-875.0
 10
7560.0
 20
-875.0
  0
LWPOLYLINE
  5
11B
330
17
100
AcDbEntity
  8
A-FURN
370
13
100
AcDbPolyline
 90
4
 70
1
 10
7560.0
 20
-2395.0
 10
8040.0
 20
-2395.0
 10
8040.0
 20
-2845.0
 10
7560.0
 20
-2845.0
  0
LWPOLYLINE
  5
11C
330
17
100
AcDbEntity
  8
A-FURN
370
13
100
AcDbPolyline
 90
4
 70
1
 10
7560.0
 20
-2765.0
 10
8040.0
 20
-2765.0
 10
8040.0
 20
-2845.0
 10
7560.0
 20
-2845.0
  0
LWPOLYLINE
  5
11D
330
17
100
AcDbEntity
  8
A-FURN
370
13
100
AcDbPolyline
 90
4
 70
1
 10
8210.0
 20
-795.0
 10
8690.0
 20
-795.0
 10
8690.0
 20
-1245.0
 10
8210.0
 20
-1245.0
  0
LWPOLYLINE
  5
11E
330
17
100
AcDbEntity
  8
A-FURN
370
13
100
AcDbPolyline
 90
4
 70
1
 10
8210.0
 20
-795.0
 10
8690.0
 20
-795.0
 10
8690.0
 20
-875.0
 10
8210.0
 20
-875.0
  0
LWPOLYLINE
  5
11F
330
17
100
AcDbEntity
  8
A-FURN
370
13
100
AcDbPolyline
 90
4
 70
1
 10
8210.0
 20
-2395.0
 10
8690.0
 20
-2395.0
 10
8690.0
 20
-2845.0
 10
8210.0
 20
-2845.0
  0
LWPOLYLINE
  5
120
330
17
100
AcDbEntity
  8
A-FURN
370
13
100
AcDbPolyline
 90
4
 70
1
 10
8210.0
 20
-2765.0
 10
8690.0
 20
-2765.0
 10
8690.0
 20
-2845.0
 10
8210.0
 20
-2845.0
  0
LWPOLYLINE
  5
121
330
17
100
AcDbEntity
  8
A-FURN
370
13
100
AcDbPolyline
 90
4
 70
1
 10
8860.0
 20
-795.0
 10
9340.0
 20
-795.0
 10
9340.0
 20
-1245.0
 10
8860.0
 20
-1245.0
  0
LWPOLYLINE
  5
122
330
17
100
AcDbEntity
  8
A-FURN
370
13
100
AcDbPolyline
 90
4
 70
1
 10
8860.0
 20
-795.0
 10
9340.0
 20
-795.0
 10
9340.0
 20
-875.0
 10
8860.0
 20
-875.0
  0
LWPOLYLINE
  5
123
330
17
100
AcDbEntity
  8
A-FURN
370
13
100
AcDbPolyline
 90
4
 70
1
 10
8860.0
 20
-2395.0
 10
9340.0
 20
-2395.0
 10
9340.0
 20
-2845.0
 10
8860.0
 20
-2845.0
  0
LWPOLYLINE
  5
124
330
17
100
AcDbEntity
  8
A-FURN
370
13
100
AcDbPolyline
 90
4
 70
1
 10
8860.0
 20
-2765.0
 10
9340.0
 20
-2765.0
 10
9340.0
 20
-2845.0
 10
8860.0
 20
-2845.0
  0
LWPOLYLINE
  5
125
330
17
100
AcDbEntity
  8
A-FURN
370
13
100
AcDbPolyline
 90
4
 70
1
 10
6225.0
 20
-1580.0
 10
6675.0
 20
-1580.0
 10
6675.0
 20
-2060.0
 10
6225.0
 20
-2060.0
  0
LWPOLYLINE
  5
126
330
17
100
AcDbEntity
  8
A-FURN
370
13
100
AcDbPolyline
 90
4
 70
1
 10
6225.0
 20
-1580.0
 10
6305.0
 20
-1580.0
 10
6305.0
 20
-2060.0
 10
6225.0
 20
-2060.0
  0
LWPOLYLINE
  5
127
330
17
100
AcDbEntity
  8
A-FURN
370
13
100
AcDbPolyline
 90
4
 70
1
 10
9575.0
 20
-1580.0
 10
10025.0
 20
-1580.0
 10
10025.0
 20
-2060.0
 10
9575.0
 20
-2060.0
  0
LWPOLYLINE
  5
128
330
17
100
AcDbEntity
  8
A-FURN
370
13
100
AcDbPolyline
 90
4
 70
1
 10
9945.0
 20
-1580.0
 10
10025.0
 20
-1580.0
 10
10025.0
 20
-2060.0
 10
9945.0
 20
-2060.0
  0
LWPOLYLINE
  5
129
330
17
100
AcDbEntity
  8
A-FURN
370
13
100
AcDbPolyline
 90
4
 70
1
 10
5040.0
 20
-10230.0
 10
7140.0
 20
-10230.0
 10
7140.0
 20
-12030.0
 10
5040.0
 20
-12030.0
  0
LWPOLYLINE
  5
12A
330
17
100
AcDbEntity
  8
A-FURN
370
13
100
AcDbPolyline
 90
4
 70
1
 10
7060.0
 20
-10230.0
 10
7140.0
 20
-10230.0
 10
7140.0
 20
-12030.0
 10
7060.0
 20
-12030.0
  0
LWPOLYLINE
  5
12B
330
17
100
AcDbEntity
  8
A-FURN
370
13
100
AcDbPolyline
 90
4
 70
1
 10
6560.0
 20
-10330.0
 10
7010.0
 20
-10330.0
 10
7010.0
 20
-11080.0
 10
6560.0
 20
-11080.0
  0
LWPOLYLINE
  5
12C
330
17
100
AcDbEntity
  8
A-FURN
370
13
100
AcDbPolyline
 90
4
 70
1
 10
6560.0
 20
-11180.0
 10
7010.0
 20
-11180.0
 10
7010.0
 20
-11930.0
 10
6560.0
 20
-11930.0
  0
LINE
  5
12D
330
17
100
AcDbEntity
  8
A-FURN
370
13
100
AcDbLine
 10
6060.0
 20
-10230.0
 30
0.0
 11
6060.0
 21
-12030.0
 31
0.0
  0
LWPOLYLINE
  5
12E
330
17
100
AcDbEntity
  8
A-FURN
370
13
100
AcDbPolyline
 90
4
 70
1
 10
6690.0
 20
-9730.0
 10
7140.0
 20
-9730.0
 10
7140.0
 20
-10180.0
 10
6690.0
 20
-10180.0
  0
LWPOLYLINE
  5
12F
330
17
100
AcDbEntity
  8
A-FURN
370
13
100
AcDbPolyline
 90
4
 70
1
 10
6690.0
 20
-12080.0
 10
7140.0
 20
-12080.0
 10
7140.0
 20
-12530.0
 10
6690.0
 20
-12530.0
  0
LWPOLYLINE
  5
130
330
17
100
AcDbEntity
  8
A-FURN
370
13
100
AcDbPolyline
 90
4
 70
1
 10
6490.0
 20
-13130.0
 10
7140.0
 20
-13130.0
 10
7140.0
 20
-14530.0
 10
6490.0
 20
-14530.0
  0
LWPOLYLINE
  5
131
330
17
100
AcDbEntity
  8
A-FURN
370
13
100
AcDbPolyline
 90
4
 70
1
 10
5900.0
 20
-13580.0
 10
6400.0
 20
-13580.0
 10
6400.0
 20
-14080.0
 10
5900.0
 20
-14080.0
  0
LWPOLYLINE
  5
132
330
17
100
AcDbEntity
  8
A-FURN
370
13
100
AcDbPolyline
 90
4
 70
1
 10
5900.0
 20
-13580.0
 10
5980.0
 20
-13580.0
 10
5980.0
 20
-14080.0
 10
5900.0
 20
-14080.0
  0
LWPOLYLINE
  5
133
330
17
100
AcDbEntity
  8
A-FURN
370
13
100
AcDbPolyline
 90
4
 70
1
 10
7460.0
 20
-9910.0
 10
9560.0
 20
-9910.0
 10
9560.0
 20
-11710.0
 10
7460.0
 20
-11710.0
  0
LWPOLYLINE
  5
134
330
17
100
AcDbEntity
  8
A-FURN
370
13
100
AcDbPolyline
 90
4
 70
1
 10
7460.0
 20
-9910.0
 10
7540.0
 20
-9910.0
 10
7540.0
 20
-11710.0
 10
7460.0
 20
-11710.0
  0
LWPOLYLINE
  5
135
330
17
100
AcDbEntity
  8
A-FURN
370
13
100
AcDbPolyline
 90
4
 70
1
 10
7590.0
 20
-10010.0
 10
8040.0
 20
-10010.0
 10
8040.0
 20
-10760.0
 10
7590.0
 20
-10760.0
  0
LWPOLYLINE
  5
136
330
17
100
AcDbEntity
  8
A-FURN
370
13
100
AcDbPolyline
 90
4
 70
1
 10
7590.0
 20
-10860.0
 10
8040.0
 20
-10860.0
 10
8040.0
 20
-11610.0
 10
7590.0
 20
-11610.0
  0
LINE
  5
137
330
17
100
AcDbEntity
  8
A-FURN
370
13
100
AcDbLine
 10
8540.0
 20
-9910.0
 30
0.0
 11
8540.0
 21
-11710.0
 31
0.0
  0
LWPOLYLINE
  5
138
330
17
100
AcDbEntity
  8
A-FURN
370
13
100
AcDbPolyline
 90
4
 70
1
 10
7460.0
 20
-9410.0
 10
7910.0
 20
-9410.0
 10
7910.0
 20
-9860.0
 10
7460.0
 20
-9860.0
  0
LWPOLYLINE
  5
139
330
17
100
AcDbEntity
  8
A-FURN
370
13
100
AcDbPolyline
 90
4
 70
1
 10
7460.0
 20
-11760.0
 10
7910.0
 20
-11760.0
 10
7910.0
 20
-12210.0
 10
7460.0
 20
-12210.0
  0
LWPOLYLINE
  5
13A
330
17
100
AcDbEntity
  8
A-FURN
370
13
100
AcDbPolyline
 90
4
 70
1
 10
7460.0
 20
-13130.0
 10
8110.0
 20
-13130.0
 10
8110.0
 20
-14530.0
 10
7460.0
 20
-14530.0
  0
LWPOLYLINE
  5
13B
330
17
100
AcDbEntity
  8
A-FURN
370
13
100
AcDbPolyline
 90
4
 70
1
 10
8150.0
 20
-13580.0
 10
8650.0
 20
-13580.0
 10
8650.0
 20
-14080.0
 10
8150.0
 20
-14080.0
  0
LWPOLYLINE
  5
13C
330
17
100
AcDbEntity
  8
A-FURN
370
13
100
AcDbPolyline
 90
4
 70
1
 10
8570.0
 20
-13580.0
 10
8650.0
 20
-13580.0
 10
8650.0
 20
-14080.0
 10
8570.0
 20
-14080.0
  0
TEXT
  5
13D
330
17
100
AcDbEntity
  8
A-TEXT
100
AcDbText
 10
2150.0
 20
-1120.0
 30
0.0
 40
175.0
  1
1. Прихожая
  7
PLAN
 72
1
 11
2150.0
 21
-1120.0
 31
0.0
100
AcDbText
  0
TEXT
  5
13E
330
17
100
AcDbEntity
  8
A-AREA
100
AcDbText
 10
2150.0
 20
-1330.0
 30
0.0
 40
175.0
  1
7,20 м²
  7
PLAN
 72
1
 11
2150.0
 21
-1330.0
 31
0.0
100
AcDbText
  0
LINE
  5
13F
330
17
100
AcDbEntity
  8
A-AREA
370
25
100
AcDbLine
 10
1800.875
 20
-1370.0
 30
0.0
 11
2499.125
 21
-1370.0
 31
0.0
  0
TEXT
  5
140
330
17
100
AcDbEntity
  8
A-TEXT
100
AcDbText
 10
4980.0
 20
-4940.0
 30
0.0
 40
175.0
  1
2. Коридор
  7
PLAN
 72
1
 11
4980.0
 21
-4940.0
 31
0.0
100
AcDbText
  0
TEXT
  5
141
330
17
100
AcDbEntity
  8
A-AREA
100
AcDbText
 10
4980.0
 20
-5150.0
 30
0.0
 40
175.0
  1
13,00 м²
  7
PLAN
 72
1
 11
4980.0
 21
-5150.0
 31
0.0
100
AcDbText
  0
LINE
  5
142
330
17
100
AcDbEntity
  8
A-AREA
370
25
100
AcDbLine
 10
4581.0
 20
-5190.0
 30
0.0
 11
5379.0
 21
-5190.0
 31
0.0
  0
TEXT
  5
143
330
17
100
AcDbEntity
  8
A-TEXT
100
AcDbText
 10
2900.0
 20
-4100.0
 30
0.0
 40
175.0
  1
3. С/У
  7
PLAN
 72
1
 11
2900.0
 21
-4100.0
 31
0.0
100
AcDbText
  0
TEXT
  5
144
330
17
100
AcDbEntity
  8
A-AREA
100
AcDbText
 10
2900.0
 20
-4310.0
 30
0.0
 40
175.0
  1
4,05 м²
  7
PLAN
 72
1
 11
2900.0
 21
-4310.0
 31
0.0
100
AcDbText
  0
LINE
  5
145
330
17
100
AcDbEntity
  8
A-AREA
370
25
100
AcDbLine
 10
2550.875
 20
-4350.0
 30
0.0
 11
3249.125
 21
-4350.0
 31
0.0
  0
TEXT
  5
146
330
17
100
AcDbEntity
  8
A-TEXT
100
AcDbText
 10
8125.0
 20
-1700.0
 30
0.0
 40
175.0
  1
4. Гостиная
  7
PLAN
 72
1
 11
8125.0
 21
-1700.0
 31
0.0
100
AcDbText
  0
TEXT
  5
147
330
17
100
AcDbEntity
  8
A-AREA
100
AcDbText
 10
8125.0
 20
-1910.0
 30
0.0
 40
175.0
  1
14,48 м²
  7
PLAN
 72
1
 11
8125.0
 21
-1910.0
 31
0.0
100
AcDbText
  0
LINE
  5
148
330
17
100
AcDbEntity
  8
A-AREA
370
25
100
AcDbLine
 10
7726.0
 20
-1950.0
 30
0.0
 11
8524.0
 21
-1950.0
 31
0.0
  0
TEXT
  5
149
330
17
100
AcDbEntity
  8
A-TEXT
100
AcDbText
 10
8300.0
 20
-4890.0
 30
0.0
 40
175.0
  1
5. Кухня
  7
PLAN
 72
1
 11
8300.0
 21
-4890.0
 31
0.0
100
AcDbText
  0
TEXT
  5
14A
330
17
100
AcDbEntity
  8
A-AREA
100
AcDbText
 10
8300.0
 20
-5100.0
 30
0.0
 40
175.0
  1
10,93 м²
  7
PLAN
 72
1
 11
8300.0
 21
-5100.0
 31
0.0
100
AcDbText
  0
LINE
  5
14B
330
17
100
AcDbEntity
  8
A-AREA
370
25
100
AcDbLine
 10
7901.0
 20
-5140.0
 30
0.0
 11
8699.0
 21
-5140.0
 31
0.0
  0
TEXT
  5
14C
330
17
100
AcDbEntity
  8
A-TEXT
100
AcDbText
 10
5700.0
 20
-9440.0
 30
0.0
 40
175.0
  1
6. Спальня
  7
PLAN
 72
1
 11
5700.0
 21
-9440.0
 31
0.0
100
AcDbText
  0
TEXT
  5
14D
330
17
100
AcDbEntity
  8
A-AREA
100
AcDbText
 10
5700.0
 20
-9650.0
 30
0.0
 40
175.0
  1
18,18 м²
  7
PLAN
 72
1
 11
5700.0
 21
-9650.0
 31
0.0
100
AcDbText
  0
LINE
  5
14E
330
17
100
AcDbEntity
  8
A-AREA
370
25
100
AcDbLine
 10
5301.0
 20
-9690.0
 30
0.0
 11
6099.0
 21
-9690.0
 31
0.0
  0
TEXT
  5
14F
330
17
100
AcDbEntity
  8
A-TEXT
100
AcDbText
 10
8900.0
 20
-8390.0
 30
0.0
 40
175.0
  1
7. Спальня
  7
PLAN
 72
1
 11
8900.0
 21
-8390.0
 31
0.0
100
AcDbText
  0
TEXT
  5
150
330
17
100
AcDbEntity
  8
A-AREA
100
AcDbText
 10
8900.0
 20
-8600.0
 30
0.0
 40
175.0
  1
19,60 м²
  7
PLAN
 72
1
 11
8900.0
 21
-8600.0
 31
0.0
100
AcDbText
  0
LINE
  5
151
330
17
100
AcDbEntity
  8
A-AREA
370
25
100
AcDbLine
 10
8501.0
 20
-8640.0
 30
0.0
 11
9299.0
 21
-8640.0
 31
0.0
  0
TEXT
  5
152
330
17
100
AcDbEntity
  8
A-TEXT
100
AcDbText
 10
9150.0
 20
-14040.0
 30
0.0
 40
175.0
  1
8. Лоджия
  7
PLAN
 72
1
 11
9150.0
 21
-14040.0
 31
0.0
100
AcDbText
  0
TEXT
  5
153
330
17
100
AcDbEntity
  8
A-AREA
100
AcDbText
 10
9150.0
 20
-14250.0
 30
0.0
 40
175.0
  1
5,20 м²
  7
PLAN
 72
1
 11
9150.0
 21
-14250.0
 31
0.0
100
AcDbText
  0
LINE
  5
154
330
17
100
AcDbEntity
  8
A-AREA
370
25
100
AcDbLine
 10
8800.875
 20
-14290.0
 30
0.0
 11
9499.125
 21
-14290.0
 31
0.0
  0
TEXT
  5
155
330
17
100
AcDbEntity
  8
A-TEXT
100
AcDbText
 10
10305.0
 20
-3700.0
 30
0.0
 40
125.0
  1
Тех.
  7
PLAN
 72
1
 11
10305.0
 21
-3700.0
 31
0.0
100
AcDbText
  0
TEXT
  5
156
330
17
100
AcDbEntity
  8
A-TEXT
100
AcDbText
 10
10305.0
 20
-3850.0
 30
0.0
 40
125.0
  1
ниша
  7
PLAN
 72
1
 11
10305.0
 21
-3850.0
 31
0.0
100
AcDbText
  0
TEXT
  5
157
330
17
100
AcDbEntity
  8
A-TEXT
100
AcDbText
 10
1977.0
 20
-4520.0
 30
0.0
 40
100.0
  1
Вент-
 50
90.0
  7
PLAN
 72
1
 11
1977.0
 21
-4520.0
 31
0.0
100
AcDbText
  0
TEXT
  5
158
330
17
100
AcDbEntity
  8
A-TEXT
100
AcDbText
 10
2087.0
 20
-4520.0
 30
0.0
 40
100.0
  1
шахта
 50
90.0
  7
PLAN
 72
1
 11
2087.0
 21
-4520.0
 31
0.0
100
AcDbText
  0
TEXT
  5
159
330
17
100
AcDbEntity
  8
A-TEXT
100
AcDbText
 10
6700.0
 20
-3835.0
 30
0.0
 40
90.0
  1
Вентшахта
  7
PLAN
 72
1
 11
6700.0
 21
-3835.0
 31
0.0
100
AcDbText
  0
TEXT
  5
15A
330
17
100
AcDbEntity
  8
A-TEXT
100
AcDbText
 10
6700.0
 20
-3955.0
 30
0.0
 40
90.0
  1
700×550
  7
PLAN
 72
1
 11
6700.0
 21
-3955.0
 31
0.0
100
AcDbText
  0
DIMENSION
  5
15B
330
17
100
AcDbEntity
  8
A-DIMS
100
AcDbDimension
280
0
  2
*D1
  3
PLAN50
 10
0.0
 20
700.0
 30
0.0
 11
160.0
 21
897.5
 31
0.0
 70
32
 71
5
  1
<>
100
AcDbAlignedDimension
 13
0.0
 23
0.0
 33
0.0
 14
320.0
 24
0.0
 34
0.0
 50
0.0
100
AcDbRotatedDimension
  0
DIMENSION
  5
16E
330
17
100
AcDbEntity
  8
A-DIMS-SRC
100
AcDbDimension
280
0
  2
*D2
  3
PLAN50
 10
320.0
 20
700.0
 30
0.0
 11
2120.0
 21
797.5
 31
0.0
 70
32
 71
5
  1
<>
100
AcDbAlignedDimension
 13
320.0
 23
0.0
 33
0.0
 14
3920.0
 24
0.0
 34
0.0
 50
0.0
100
AcDbRotatedDimension
  0
DIMENSION
  5
17D
330
17
100
AcDbEntity
  8
A-DIMS
100
AcDbDimension
280
0
  2
*D3
  3
PLAN50
 10
3920.0
 20
700.0
 30
0.0
 11
4620.0
 21
797.5
 31
0.0
 70
32
 71
5
  1
<>
100
AcDbAlignedDimension
 13
3920.0
 23
0.0
 33
0.0
 14
5320.0
 24
0.0
 34
0.0
 50
0.0
100
AcDbRotatedDimension
  0
DIMENSION
  5
18C
330
17
100
AcDbEntity
  8
A-DIMS
100
AcDbDimension
280
0
  2
*D4
  3
PLAN50
 10
5320.0
 20
700.0
 30
0.0
 11
5480.0
 21
897.5
 31
0.0
 70
32
 71
5
  1
<>
100
AcDbAlignedDimension
 13
5320.0
 23
0.0
 33
0.0
 14
5640.0
 24
0.0
 34
0.0
 50
0.0
100
AcDbRotatedDimension
  0
DIMENSION
  5
19B
330
17
100
AcDbEntity
  8
A-DIMS-SRC
100
AcDbDimension
280
0
  2
*D5
  3
PLAN50
 10
5640.0
 20
700.0
 30
0.0
 11
8125.0
 21
797.5
 31
0.0
 70
32
 71
5
  1
<>
100
AcDbAlignedDimension
 13
5640.0
 23
0.0
 33
0.0
 14
10610.0
 24
0.0
 34
0.0
 50
0.0
100
AcDbRotatedDimension
  0
DIMENSION
  5
1AA
330
17
100
AcDbEntity
  8
A-DIMS
100
AcDbDimension
280
0
  2
*D6
  3
PLAN50
 10
10610.0
 20
700.0
 30
0.0
 11
10770.0
 21
897.5
 31
0.0
 70
32
 71
5
  1
<>
100
AcDbAlignedDimension
 13
10610.0
 23
0.0
 33
0.0
 14
10930.0
 24
0.0
 34
0.0
 50
0.0
100
AcDbRotatedDimension
  0
DIMENSION
  5
1B9
330
17
100
AcDbEntity
  8
A-DIMS
100
AcDbDimension
280
0
  2
*D7
  3
PLAN50
 10
0.0
 20
1100.0
 30
0.0
 11
5465.0
 21
1197.5
 31
0.0
 70
32
 71
5
  1
<>
100
AcDbAlignedDimension
 13
0.0
 23
0.0
 33
0.0
 14
10930.0
 24
0.0
 34
0.0
 50
0.0
100
AcDbRotatedDimension
  0
DIMENSION
  5
1C8
330
17
100
AcDbEntity
  8
A-DIMS
100
AcDbDimension
280
0
  2
*D8
  3
PLAN50
 10
11630.0
 20
0.0
 30
0.0
 11
11827.5
 21
-160.0
 31
0.0
 70
32
 71
5
  1
<>
100
AcDbAlignedDimension
 13
10930.0
 23
0.0
 33
0.0
 14
10930.0
 24
-320.0
 34
0.0
 50
-90.0
100
AcDbRotatedDimension
  0
DIMENSION
  5
1D7
330
17
100
AcDbEntity
  8
A-DIMS-SRC
100
AcDbDimension
280
0
  2
*D9
  3
PLAN50
 10
11630.0
 20
-320.0
 30
0.0
 11
11727.5
 21
-1820.0
 31
0.0
 70
32
 71
5
  1
<>
100
AcDbAlignedDimension
 13
10930.0
 23
-320.0
 33
0.0
 14
10930.0
 24
-3320.0
 34
0.0
 50
-90.0
100
AcDbRotatedDimension
  0
DIMENSION
  5
1E6
330
17
100
AcDbEntity
  8
A-DIMS
100
AcDbDimension
280
0
  2
*D10
  3
PLAN50
 10
11630.0
 20
-3320.0
 30
0.0
 11
11827.5
 21
-3480.0
 31
0.0
 70
32
 71
5
  1
<>
100
AcDbAlignedDimension
 13
10930.0
 23
-3320.0
 33
0.0
 14
10930.0
 24
-3640.0
 34
0.0
 50
-90.0
100
AcDbRotatedDimension
  0
DIMENSION
  5
1F5
330
17
100
AcDbEntity
  8
A-DIMS-SRC
100
AcDbDimension
280
0
  2
*D11
  3
PLAN50
 10
11630.0
 20
-3640.0
 30
0.0
 11
11727.5
 21
-5090.0
 31
0.0
 70
32
 71
5
  1
<>
100
AcDbAlignedDimension
 13
10930.0
 23
-3640.0
 33
0.0
 14
10930.0
 24
-6540.0
 34
0.0
 50
-90.0
100
AcDbRotatedDimension
  0
DIMENSION
  5
204
330
17
100
AcDbEntity
  8
A-DIMS
100
AcDbDimension
280
0
  2
*D12
  3
PLAN50
 10
11630.0
 20
-6540.0
 30
0.0
 11
11827.5
 21
-6700.0
 31
0.0
 70
32
 71
5
  1
<>
100
AcDbAlignedDimension
 13
10930.0
 23
-6540.0
 33
0.0
 14
10930.0
 24
-6860.0
 34
0.0
 50
-90.0
100
AcDbRotatedDimension
  0
DIMENSION
  5
213
330
17
100
AcDbEntity
  8
A-DIMS-SRC
100
AcDbDimension
280
0
  2
*D13
  3
PLAN50
 10
11630.0
 20
-6860.0
 30
0.0
 11
11727.5
 21
-9785.0
 31
0.0
 70
32
 71
5
  1
<>
100
AcDbAlignedDimension
 13
10930.0
 23
-6860.0
 33
0.0
 14
10930.0
 24
-12710.0
 34
0.0
 50
-90.0
100
AcDbRotatedDimension
  0
DIMENSION
  5
222
330
17
100
AcDbEntity
  8
A-DIMS
100
AcDbDimension
280
0
  2
*D14
  3
PLAN50
 10
11630.0
 20
-12710.0
 30
0.0
 11
11827.5
 21
-12870.0
 31
0.0
 70
32
 71
5
  1
<>
100
AcDbAlignedDimension
 13
10930.0
 23
-12710.0
 33
0.0
 14
10930.0
 24
-13030.0
 34
0.0
 50
-90.0
100
AcDbRotatedDimension
  0
DIMENSION
  5
231
330
17
100
AcDbEntity
  8
A-DIMS-SRC
100
AcDbDimension
280
0
  2
*D15
  3
PLAN50
 10
11630.0
 20
-13030.0
 30
0.0
 11
11727.5
 21
-13855.0
 31
0.0
 70
32
 71
5
  1
<>
100
AcDbAlignedDimension
 13
10930.0
 23
-13030.0
 33
0.0
 14
10930.0
 24
-14680.0
 34
0.0
 50
-90.0
100
AcDbRotatedDimension
  0
DIMENSION
  5
240
330
17
100
AcDbEntity
  8
A-DIMS
100
AcDbDimension
280
0
  2
*D16
  3
PLAN50
 10
11630.0
 20
-14680.0
 30
0.0
 11
11827.5
 21
-14840.0
 31
0.0
 70
32
 71
5
  1
<>
100
AcDbAlignedDimension
 13
10930.0
 23
-14680.0
 33
0.0
 14
10930.0
 24
-15000.0
 34
0.0
 50
-90.0
100
AcDbRotatedDimension
  0
DIMENSION
  5
24F
330
17
100
AcDbEntity
  8
A-DIMS
100
AcDbDimension
280
0
  2
*D17
  3
PLAN50
 10
12030.0
 20
0.0
 30
0.0
 11
12127.5
 21
-7500.0
 31
0.0
 70
32
 71
5
  1
<>
100
AcDbAlignedDimension
 13
10930.0
 23
0.0
 33
0.0
 14
10930.0
 24
-15000.0
 34
0.0
 50
-90.0
100
AcDbRotatedDimension
  0
DIMENSION
  5
25E
330
17
100
AcDbEntity
  8
A-DIMS
100
AcDbDimension
280
0
  2
*D18
  3
PLAN50
 10
3920.0
 20
-15700.0
 30
0.0
 11
4080.0
 21
-15502.5
 31
0.0
 70
32
 71
5
  1
<>
100
AcDbAlignedDimension
 13
3920.0
 23
-15000.0
 33
0.0
 14
4240.0
 24
-15000.0
 34
0.0
 50
0.0
100
AcDbRotatedDimension
  0
DIMENSION
  5
26D
330
17
100
AcDbEntity
  8
A-DIMS-SRC
100
AcDbDimension
280
0
  2
*D19
  3
PLAN50
 10
4240.0
 20
-15700.0
 30
0.0
 11
5690.0
 21
-15602.5
 31
0.0
 70
32
 71
5
  1
<>
100
AcDbAlignedDimension
 13
4240.0
 23
-15000.0
 33
0.0
 14
7140.0
 24
-15000.0
 34
0.0
 50
0.0
100
AcDbRotatedDimension
  0
DIMENSION
  5
27C
330
17
100
AcDbEntity
  8
A-DIMS
100
AcDbDimension
280
0
  2
*D20
  3
PLAN50
 10
7140.0
 20
-15700.0
 30
0.0
 11
7300.0
 21
-15502.5
 31
0.0
 70
32
 71
5
  1
<>
100
AcDbAlignedDimension
 13
7140.0
 23
-15000.0
 33
0.0
 14
7460.0
 24
-15000.0
 34
0.0
 50
0.0
100
AcDbRotatedDimension
  0
DIMENSION
  5
28B
330
17
100
AcDbEntity
  8
A-DIMS-SRC
100
AcDbDimension
280
0
  2
*D21
  3
PLAN50
 10
7460.0
 20
-15700.0
 30
0.0
 11
9035.0
 21
-15602.5
 31
0.0
 70
32
 71
5
  1
<>
100
AcDbAlignedDimension
 13
7460.0
 23
-15000.0
 33
0.0
 14
10610.0
 24
-15000.0
 34
0.0
 50
0.0
100
AcDbRotatedDimension
  0
DIMENSION
  5
29A
330
17
100
AcDbEntity
  8
A-DIMS
100
AcDbDimension
280
0
  2
*D22
  3
PLAN50
 10
3920.0
 20
-16100.0
 30
0.0
 11
7425.0
 21
-16002.5
 31
0.0
 70
32
 71
5
  1
<>
100
AcDbAlignedDimension
 13
3920.0
 23
-15000.0
 33
0.0
 14
10930.0
 24
-15000.0
 34
0.0
 50
0.0
100
AcDbRotatedDimension
  0
DIMENSION
  5
2A9
330
17
100
AcDbEntity
  8
A-DIMS
100
AcDbDimension
280
0
  2
*D23
  3
PLAN50
 10
-1300.0
 20
0.0
 30
0.0
 11
-1202.5
 21
-310.0
 31
0.0
 70
32
 71
5
  1
<>
100
AcDbAlignedDimension
 13
0.0
 23
0.0
 33
0.0
 14
0.0
 24
-620.0
 34
0.0
 50
-90.0
100
AcDbRotatedDimension
  0
DIMENSION
  5
2B8
330
17
100
AcDbEntity
  8
A-DIMS
100
AcDbDimension
280
0
  2
*D24
  3
PLAN50
 10
-1300.0
 20
-620.0
 30
0.0
 11
-1202.5
 21
-1100.0
 31
0.0
 70
32
 71
5
  1
<>
100
AcDbAlignedDimension
 13
0.0
 23
-620.0
 33
0.0
 14
0.0
 24
-1580.0
 34
0.0
 50
-90.0
100
AcDbRotatedDimension
  0
DIMENSION
  5
2C7
330
17
100
AcDbEntity
  8
A-DIMS
100
AcDbDimension
280
0
  2
*D25
  3
PLAN50
 10
-1300.0
 20
-1580.0
 30
0.0
 11
-1202.5
 21
-1950.0
 31
0.0
 70
32
 71
5
  1
<>
100
AcDbAlignedDimension
 13
0.0
 23
-1580.0
 33
0.0
 14
0.0
 24
-2320.0
 34
0.0
 50
-90.0
100
AcDbRotatedDimension
  0
DIMENSION
  5
2D6
330
17
100
AcDbEntity
  8
A-DIMS
100
AcDbDimension
280
0
  2
*D26
  3
PLAN50
 10
-1300.0
 20
-2320.0
 30
0.0
 11
-1102.5
 21
-2480.0
 31
0.0
 70
32
 71
5
  1
<>
100
AcDbAlignedDimension
 13
0.0
 23
-2320.0
 33
0.0
 14
0.0
 24
-2640.0
 34
0.0
 50
-90.0
100
AcDbRotatedDimension
  0
DIMENSION
  5
2E5
330
17
100
AcDbEntity
  8
A-DIMS-SRC
100
AcDbDimension
280
0
  2
*D27
  3
PLAN50
 10
1000.0
 20
-2640.0
 30
0.0
 11
1097.5
 21
-3865.0
 31
0.0
 70
32
 71
5
  1
<>
100
AcDbAlignedDimension
 13
1700.0
 23
-2640.0
 33
0.0
 14
1700.0
 24
-5090.0
 34
0.0
 50
-90.0
100
AcDbRotatedDimension
  0
DIMENSION
  5
2F4
330
17
100
AcDbEntity
  8
A-DIMS
100
AcDbDimension
280
0
  2
*D28
  3
PLAN50
 10
1000.0
 20
-5090.0
 30
0.0
 11
1197.5
 21
-5250.0
 31
0.0
 70
32
 71
5
  1
<>
100
AcDbAlignedDimension
 13
1700.0
 23
-5090.0
 33
0.0
 14
1700.0
 24
-5410.0
 34
0.0
 50
-90.0
100
AcDbRotatedDimension
  0
DIMENSION
  5
303
330
17
100
AcDbEntity
  8
A-DIMS
100
AcDbDimension
280
0
  2
*D29
  3
PLAN50
 10
1350.0
 20
-4040.0
 30
0.0
 11
1447.5
 21
-4565.0
 31
0.0
 70
32
 71
5
  1
<>
100
AcDbAlignedDimension
 13
1700.0
 23
-4040.0
 33
0.0
 14
1700.0
 24
-5090.0
 34
0.0
 50
-90.0
100
AcDbRotatedDimension
  0
DIMENSION
  5
312
330
17
100
AcDbEntity
  8
A-DIMS
100
AcDbDimension
280
0
  2
*D30
  3
PLAN50
 10
0.0
 20
-5910.0
 30
0.0
 11
850.0
 21
-5812.5
 31
0.0
 70
32
 71
5
  1
<>
100
AcDbAlignedDimension
 13
0.0
 23
-2640.0
 33
0.0
 14
1700.0
 24
-5410.0
 34
0.0
 50
0.0
100
AcDbRotatedDimension
  0
DIMENSION
  5
321
330
17
100
AcDbEntity
  8
A-DIMS
100
AcDbDimension
280
0
  2
*D31
  3
PLAN50
 10
3220.0
 20
-5410.0
 30
0.0
 11
3317.5
 21
-5885.0
 31
0.0
 70
32
 71
5
  1
<>
100
AcDbAlignedDimension
 13
3920.0
 23
-5410.0
 33
0.0
 14
3920.0
 24
-6360.0
 34
0.0
 50
-90.0
100
AcDbRotatedDimension
  0
DIMENSION
  5
330
330
17
100
AcDbEntity
  8
A-DIMS
100
AcDbDimension
280
0
  2
*D32
  3
PLAN50
 10
3220.0
 20
-6360.0
 30
0.0
 11
3317.5
 21
-6610.0
 31
0.0
 70
32
 71
5
  1
<>
100
AcDbAlignedDimension
 13
3920.0
 23
-6360.0
 33
0.0
 14
3920.0
 24
-6860.0
 34
0.0
 50
-90.0
100
AcDbRotatedDimension
  0
DIMENSION
  5
33F
330
17
100
AcDbEntity
  8
A-DIMS
100
AcDbDimension
280
0
  2
*D33
  3
PLAN50
 10
3220.0
 20
-6860.0
 30
0.0
 11
3317.5
 21
-9695.0
 31
0.0
 70
32
 71
5
  1
<>
100
AcDbAlignedDimension
 13
3920.0
 23
-6860.0
 33
0.0
 14
3920.0
 24
-12530.0
 34
0.0
 50
-90.0
100
AcDbRotatedDimension
  0
DIMENSION
  5
34E
330
17
100
AcDbEntity
  8
A-DIMS
100
AcDbDimension
280
0
  2
*D34
  3
PLAN50
 10
3220.0
 20
-12530.0
 30
0.0
 11
3317.5
 21
-12780.0
 31
0.0
 70
32
 71
5
  1
<>
100
AcDbAlignedDimension
 13
3920.0
 23
-12530.0
 33
0.0
 14
3920.0
 24
-13030.0
 34
0.0
 50
-90.0
100
AcDbRotatedDimension
  0
DIMENSION
  5
35D
330
17
100
AcDbEntity
  8
A-DIMS
100
AcDbDimension
280
0
  2
*D35
  3
PLAN50
 10
3220.0
 20
-13030.0
 30
0.0
 11
3317.5
 21
-13740.0
 31
0.0
 70
32
 71
5
  1
<>
100
AcDbAlignedDimension
 13
3920.0
 23
-13030.0
 33
0.0
 14
3920.0
 24
-14450.0
 34
0.0
 50
-90.0
100
AcDbRotatedDimension
  0
DIMENSION
  5
36C
330
17
100
AcDbEntity
  8
A-DIMS
100
AcDbDimension
280
0
  2
*D36
  3
PLAN50
 10
3220.0
 20
-14450.0
 30
0.0
 11
3317.5
 21
-14725.0
 31
0.0
 70
32
 71
5
  1
<>
100
AcDbAlignedDimension
 13
3920.0
 23
-14450.0
 33
0.0
 14
3920.0
 24
-15000.0
 34
0.0
 50
-90.0
100
AcDbRotatedDimension
  0
DIMENSION
  5
37B
330
17
100
AcDbEntity
  8
A-DIMS
100
AcDbDimension
280
0
  2
*D37
  3
PLAN50
 10
2820.0
 20
-5410.0
 30
0.0
 11
2917.5
 21
-6735.0
 31
0.0
 70
32
 71
5
  1
<>
100
AcDbAlignedDimension
 13
3920.0
 23
-5410.0
 33
0.0
 14
3920.0
 24
-8060.0
 34
0.0
 50
-90.0
100
AcDbRotatedDimension
  0
DIMENSION
  5
38A
330
17
100
AcDbEntity
  8
A-DIMS
100
AcDbDimension
280
0
  2
*D38
  3
PLAN50
 10
2820.0
 20
-8060.0
 30
0.0
 11
3017.5
 21
-8220.0
 31
0.0
 70
32
 71
5
  1
<>
100
AcDbAlignedDimension
 13
3920.0
 23
-8060.0
 33
0.0
 14
3920.0
 24
-8380.0
 34
0.0
 50
-90.0
100
AcDbRotatedDimension
  0
DIMENSION
  5
399
330
17
100
AcDbEntity
  8
A-DIMS-SRC
100
AcDbDimension
280
0
  2
*D39
  3
PLAN50
 10
2820.0
 20
-8380.0
 30
0.0
 11
2917.5
 21
-11530.0
 31
0.0
 70
32
 71
5
  1
<>
100
AcDbAlignedDimension
 13
3920.0
 23
-8380.0
 33
0.0
 14
3920.0
 24
-14680.0
 34
0.0
 50
-90.0
100
AcDbRotatedDimension
  0
DIMENSION
  5
3A8
330
17
100
AcDbEntity
  8
A-DIMS-SRC
100
AcDbDimension
280
0
  2
*D40
  3
PLAN50
 10
3700.0
 20
-320.0
 30
0.0
 11
3797.5
 21
-1320.0
 31
0.0
 70
32
 71
5
  1
<>
100
AcDbAlignedDimension
 13
3700.0
 23
-320.0
 33
0.0
 14
3700.0
 24
-2320.0
 34
0.0
 50
-90.0
100
AcDbRotatedDimension
1001
ACAD
1000
DSTYLE
1002
{
1070
75
1070
1
1070
76
1070
1
1002
}
  0
DIMENSION
  5
3B5
330
17
100
AcDbEntity
  8
A-DIMS
100
AcDbDimension
280
0
  2
*D41
  3
PLAN50
 10
10050.0
 20
-320.0
 30
0.0
 11
9952.5
 21
-2580.0
 31
0.0
 70
160
 71
5
  1
<>
100
AcDbAlignedDimension
 13
10050.0
 23
-320.0
 33
0.0
 14
10050.0
 24
-3040.0
 34
0.0
 50
-90.0
100
AcDbRotatedDimension
1001
ACAD
1000
DSTYLE
1002
{
1070
75
1070
1
1070
76
1070
1
1070
279
1070
2
1002
}
  0
DIMENSION
  5
3C2
330
17
100
AcDbEntity
  8
A-DIMS-SRC
100
AcDbDimension
280
0
  2
*D42
  3
PLAN50
 10
4240.0
 20
-5700.0
 30
0.0
 11
5165.0
 21
-5602.5
 31
0.0
 70
32
 71
5
  1
<>
100
AcDbAlignedDimension
 13
4240.0
 23
-5700.0
 33
0.0
 14
6090.0
 24
-5700.0
 34
0.0
 50
0.0
100
AcDbRotatedDimension
1001
ACAD
1000
DSTYLE
1002
{
1070
75
1070
1
1070
76
1070
1
1002
}
  0
DIMENSION
  5
3CF
330
17
100
AcDbEntity
  8
A-DIMS
100
AcDbDimension
280
0
  2
*D43
  3
PLAN50
 10
6090.0
 20
-5700.0
 30
0.0
 11
6250.0
 21
-5502.5
 31
0.0
 70
32
 71
5
  1
<>
100
AcDbAlignedDimension
 13
6090.0
 23
-5700.0
 33
0.0
 14
6410.0
 24
-5700.0
 34
0.0
 50
0.0
100
AcDbRotatedDimension
1001
ACAD
1000
DSTYLE
1002
{
1070
75
1070
1
1070
76
1070
1
1002
}
  0
DIMENSION
  5
3DC
330
17
100
AcDbEntity
  8
A-DIMS-SRC
100
AcDbDimension
280
0
  2
*D44
  3
PLAN50
 10
6410.0
 20
-5700.0
 30
0.0
 11
8510.0
 21
-5602.5
 31
0.0
 70
32
 71
5
  1
<>
100
AcDbAlignedDimension
 13
6410.0
 23
-5700.0
 33
0.0
 14
10610.0
 24
-5700.0
 34
0.0
 50
0.0
100
AcDbRotatedDimension
1001
ACAD
1000
DSTYLE
1002
{
1070
75
1070
1
1070
76
1070
1
1002
}
  0
DIMENSION
  5
3E9
330
17
100
AcDbEntity
  8
A-DIMS
100
AcDbDimension
280
0
  2
*D45
  3
PLAN50
 10
4240.0
 20
-2900.0
 30
0.0
 11
4780.0
 21
-2802.5
 31
0.0
 70
32
 71
5
  1
<>
100
AcDbAlignedDimension
 13
4240.0
 23
-2900.0
 33
0.0
 14
5320.0
 24
-2900.0
 34
0.0
 50
0.0
100
AcDbRotatedDimension
1001
ACAD
1000
DSTYLE
1002
{
1070
75
1070
1
1070
76
1070
1
1002
}
  0
DIMENSION
  5
3F6
330
17
100
AcDbEntity
  8
A-DIMS
100
AcDbDimension
280
0
  2
*D46
  3
PLAN50
 10
4550.0
 20
-320.0
 30
0.0
 11
4647.5
 21
-660.0
 31
0.0
 70
32
 71
5
  1
<>
100
AcDbAlignedDimension
 13
5320.0
 23
-320.0
 33
0.0
 14
5320.0
 24
-1000.0
 34
0.0
 50
-90.0
100
AcDbRotatedDimension
  0
DIMENSION
  5
405
330
17
100
AcDbEntity
  8
A-DIMS
100
AcDbDimension
280
0
  2
*D47
  3
PLAN50
 10
4550.0
 20
-1000.0
 30
0.0
 11
4647.5
 21
-1600.0
 31
0.0
 70
32
 71
5
  1
<>
100
AcDbAlignedDimension
 13
5320.0
 23
-1000.0
 33
0.0
 14
5320.0
 24
-2200.0
 34
0.0
 50
-90.0
100
AcDbRotatedDimension
  0
DIMENSION
  5
414
330
17
100
AcDbEntity
  8
A-DIMS
100
AcDbDimension
280
0
  2
*D48
  3
PLAN50
 10
4550.0
 20
-2200.0
 30
0.0
 11
4647.5
 21
-2570.0
 31
0.0
 70
32
 71
5
  1
<>
100
AcDbAlignedDimension
 13
5320.0
 23
-2200.0
 33
0.0
 14
5320.0
 24
-2940.0
 34
0.0
 50
-90.0
100
AcDbRotatedDimension
  0
TEXT
  5
423
330
17
100
AcDbEntity
  8
A-TEXT
100
AcDbText
 10
5520.0
 20
-3480.0
 30
0.0
 40
125.0
  1
45°
  7
PLAN
 72
1
 11
5520.0
 21
-3480.0
 31
0.0
100
AcDbText
  0
TEXT
  5
424
330
17
100
AcDbEntity
  8
A-TEXT
100
AcDbText
 10
3330.0
 20
-3120.0
 30
0.0
 40
125.0
  1
45°
  7
PLAN
 72
1
 11
3330.0
 21
-3120.0
 31
0.0
100
AcDbText
  0
DIMENSION
  5
425
330
17
100
AcDbEntity
  8
A-DIMS
100
AcDbDimension
280
0
  2
*D49
  3
PLAN50
 10
5320.0
 20
-3950.0
 30
0.0
 11
5705.0
 21
-3852.5
 31
0.0
 70
32
 71
5
  1
<>
100
AcDbAlignedDimension
 13
5320.0
 23
-2940.0
 33
0.0
 14
6090.0
 24
-3710.0
 34
0.0
 50
0.0
100
AcDbRotatedDimension
  0
DIMENSION
  5
434
330
17
100
AcDbEntity
  8
A-DIMS-SRC
100
AcDbDimension
280
0
  2
*D50
  3
PLAN50
 10
5650.0
 20
-3710.0
 30
0.0
 11
5552.5
 21
-6385.0
 31
0.0
 70
160
 71
5
  1
<>
100
AcDbAlignedDimension
 13
5650.0
 23
-3710.0
 33
0.0
 14
5650.0
 24
-8060.0
 34
0.0
 50
-90.0
100
AcDbRotatedDimension
1001
ACAD
1000
DSTYLE
1002
{
1070
75
1070
1
1070
76
1070
1
1070
279
1070
2
1002
}
  0
DIMENSION
  5
441
330
17
100
AcDbEntity
  8
A-DIMS
100
AcDbDimension
280
0
  2
*D51
  3
PLAN50
 10
5850.0
 20
-3710.0
 30
0.0
 11
5947.5
 21
-4025.0
 31
0.0
 70
32
 71
5
  1
<>
100
AcDbAlignedDimension
 13
5850.0
 23
-3710.0
 33
0.0
 14
5850.0
 24
-4340.0
 34
0.0
 50
-90.0
100
AcDbRotatedDimension
1001
ACAD
1000
DSTYLE
1002
{
1070
75
1070
1
1070
76
1070
1
1002
}
  0
DIMENSION
  5
44E
330
17
100
AcDbEntity
  8
A-DIMS
100
AcDbDimension
280
0
  2
*D52
  3
PLAN50
 10
5850.0
 20
-4340.0
 30
0.0
 11
5947.5
 21
-4790.0
 31
0.0
 70
32
 71
5
  1
<>
100
AcDbAlignedDimension
 13
5850.0
 23
-4340.0
 33
0.0
 14
5850.0
 24
-5240.0
 34
0.0
 50
-90.0
100
AcDbRotatedDimension
1001
ACAD
1000
DSTYLE
1002
{
1070
75
1070
1
1070
76
1070
1
1002
}
  0
DIMENSION
  5
45B
330
17
100
AcDbEntity
  8
A-DIMS
100
AcDbDimension
280
0
  2
*D53
  3
PLAN50
 10
5850.0
 20
-5240.0
 30
0.0
 11
5947.5
 21
-6125.0
 31
0.0
 70
32
 71
5
  1
<>
100
AcDbAlignedDimension
 13
5850.0
 23
-5240.0
 33
0.0
 14
5850.0
 24
-7010.0
 34
0.0
 50
-90.0
100
AcDbRotatedDimension
1001
ACAD
1000
DSTYLE
1002
{
1070
75
1070
1
1070
76
1070
1
1002
}
  0
DIMENSION
  5
468
330
17
100
AcDbEntity
  8
A-DIMS
100
AcDbDimension
280
0
  2
*D54
  3
PLAN50
 10
5850.0
 20
-7010.0
 30
0.0
 11
5947.5
 21
-7460.0
 31
0.0
 70
32
 71
5
  1
<>
100
AcDbAlignedDimension
 13
5850.0
 23
-7010.0
 33
0.0
 14
5850.0
 24
-7910.0
 34
0.0
 50
-90.0
100
AcDbRotatedDimension
1001
ACAD
1000
DSTYLE
1002
{
1070
75
1070
1
1070
76
1070
1
1002
}
  0
DIMENSION
  5
475
330
17
100
AcDbEntity
  8
A-DIMS
100
AcDbDimension
280
0
  2
*D55
  3
PLAN50
 10
5850.0
 20
-7910.0
 30
0.0
 11
5972.5
 21
-7910.0
 31
0.0
 70
160
 71
5
  1
<>
100
AcDbAlignedDimension
 13
5850.0
 23
-7910.0
 33
0.0
 14
5850.0
 24
-8060.0
 34
0.0
 50
-90.0
100
AcDbRotatedDimension
1001
ACAD
1000
DSTYLE
1002
{
1070
75
1070
1
1070
76
1070
1
1070
279
1070
2
1002
}
  0
DIMENSION
  5
482
330
17
100
AcDbEntity
  8
A-DIMS
100
AcDbDimension
280
0
  2
*D56
  3
PLAN50
 10
4240.0
 20
-7750.0
 30
0.0
 11
4385.0
 21
-7552.5
 31
0.0
 70
32
 71
5
  1
<>
100
AcDbAlignedDimension
 13
4240.0
 23
-7750.0
 33
0.0
 14
4530.0
 24
-7750.0
 34
0.0
 50
0.0
100
AcDbRotatedDimension
1001
ACAD
1000
DSTYLE
1002
{
1070
75
1070
1
1070
76
1070
1
1002
}
  0
DIMENSION
  5
48F
330
17
100
AcDbEntity
  8
A-DIMS
100
AcDbDimension
280
0
  2
*D57
  3
PLAN50
 10
4530.0
 20
-7750.0
 30
0.0
 11
4980.0
 21
-7652.5
 31
0.0
 70
32
 71
5
  1
<>
100
AcDbAlignedDimension
 13
4530.0
 23
-7750.0
 33
0.0
 14
5430.0
 24
-7750.0
 34
0.0
 50
0.0
100
AcDbRotatedDimension
1001
ACAD
1000
DSTYLE
1002
{
1070
75
1070
1
1070
76
1070
1
1002
}
  0
DIMENSION
  5
49C
330
17
100
AcDbEntity
  8
A-DIMS
100
AcDbDimension
280
0
  2
*D58
  3
PLAN50
 10
5430.0
 20
-7750.0
 30
0.0
 11
5760.0
 21
-7652.5
 31
0.0
 70
32
 71
5
  1
<>
100
AcDbAlignedDimension
 13
5430.0
 23
-7750.0
 33
0.0
 14
6090.0
 24
-7750.0
 34
0.0
 50
0.0
100
AcDbRotatedDimension
1001
ACAD
1000
DSTYLE
1002
{
1070
75
1070
1
1070
76
1070
1
1002
}
  0
DIMENSION
  5
4A9
330
17
100
AcDbEntity
  8
A-DIMS
100
AcDbDimension
280
0
  2
*D59
  3
PLAN50
 10
2020.0
 20
-3900.0
 30
0.0
 11
2570.0
 21
-3802.5
 31
0.0
 70
160
 71
5
  1
<>
100
AcDbAlignedDimension
 13
2020.0
 23
-3900.0
 33
0.0
 14
3920.0
 24
-3900.0
 34
0.0
 50
0.0
100
AcDbRotatedDimension
1001
ACAD
1000
DSTYLE
1002
{
1070
75
1070
1
1070
76
1070
1
1070
279
1070
2
1002
}
  0
DIMENSION
  5
4B6
330
17
100
AcDbEntity
  8
A-DIMS-SRC
100
AcDbDimension
280
0
  2
*D60
  3
PLAN50
 10
2255.0
 20
-4560.0
 30
0.0
 11
3087.5
 21
-4462.5
 31
0.0
 70
32
 71
5
  1
<>
100
AcDbAlignedDimension
 13
2255.0
 23
-4560.0
 33
0.0
 14
3920.0
 24
-4560.0
 34
0.0
 50
0.0
100
AcDbRotatedDimension
1001
ACAD
1000
DSTYLE
1002
{
1070
75
1070
1
1070
76
1070
1
1002
}
  0
DIMENSION
  5
4C3
330
17
100
AcDbEntity
  8
A-DIMS
100
AcDbDimension
280
0
  2
*D61
  3
PLAN50
 10
2020.0
 20
-2800.0
 30
0.0
 11
2545.0
 21
-2702.5
 31
0.0
 70
32
 71
5
  1
<>
100
AcDbAlignedDimension
 13
2020.0
 23
-2800.0
 33
0.0
 14
3070.0
 24
-2800.0
 34
0.0
 50
0.0
100
AcDbRotatedDimension
1001
ACAD
1000
DSTYLE
1002
{
1070
75
1070
1
1070
76
1070
1
1002
}
  0
DIMENSION
  5
4D0
330
17
100
AcDbEntity
  8
A-DIMS
100
AcDbDimension
280
0
  2
*D62
  3
PLAN50
 10
4600.0
 20
-3357.4516600406096
 30
0.0
 11
4797.5
 21
-3503.725830020305
 31
0.0
 70
32
 71
5
  1
<>
100
AcDbAlignedDimension
 13
4240.0
 23
-3357.4516600406096
 33
0.0
 14
4240.0
 24
-3650.0
 34
0.0
 50
-90.0
100
AcDbRotatedDimension
  0
DIMENSION
  5
4DF
330
17
100
AcDbEntity
  8
A-DIMS
100
AcDbDimension
280
0
  2
*D63
  3
PLAN50
 10
4600.0
 20
-3650.0
 30
0.0
 11
4697.5
 21
-4025.0
 31
0.0
 70
32
 71
5
  1
<>
100
AcDbAlignedDimension
 13
4240.0
 23
-3650.0
 33
0.0
 14
4240.0
 24
-4400.0
 34
0.0
 50
-90.0
100
AcDbRotatedDimension
  0
DIMENSION
  5
4EE
330
17
100
AcDbEntity
  8
A-DIMS
100
AcDbDimension
280
0
  2
*D64
  3
PLAN50
 10
1700.0
 20
-3790.0
 30
0.0
 11
1977.5
 21
-3692.5
 31
0.0
 70
32
 71
5
  1
<>
100
AcDbAlignedDimension
 13
1700.0
 23
-4040.0
 33
0.0
 14
2255.0
 24
-4040.0
 34
0.0
 50
0.0
100
AcDbRotatedDimension
  0
DIMENSION
  5
4FD
330
17
100
AcDbEntity
  8
A-DIMS
100
AcDbDimension
280
0
  2
*D65
  3
PLAN50
 10
10000.0
 20
-3360.0
 30
0.0
 11
10305.0
 21
-3262.5
 31
0.0
 70
32
 71
5
  1
<>
100
AcDbAlignedDimension
 13
10000.0
 23
-3360.0
 33
0.0
 14
10610.0
 24
-3360.0
 34
0.0
 50
0.0
100
AcDbRotatedDimension
1001
ACAD
1000
DSTYLE
1002
{
1070
75
1070
1
1070
76
1070
1
1002
}
  0
DIMENSION
  5
50A
330
17
100
AcDbEntity
  8
A-DIMS
100
AcDbDimension
280
0
  2
*D66
  3
PLAN50
 10
9700.0
 20
-3160.0
 30
0.0
 11
9797.5
 21
-3930.0
 31
0.0
 70
32
 71
5
  1
<>
100
AcDbAlignedDimension
 13
9880.0
 23
-3160.0
 33
0.0
 14
9880.0
 24
-4700.0
 34
0.0
 50
-90.0
100
AcDbRotatedDimension
  0
DIMENSION
  5
519
330
17
100
AcDbEntity
  8
A-DIMS
100
AcDbDimension
280
0
  2
*D67
  3
PLAN50
 10
10000.0
 20
-5350.0
 30
0.0
 11
10250.0
 21
-5252.5
 31
0.0
 70
32
 71
5
  1
<>
100
AcDbAlignedDimension
 13
10000.0
 23
-5350.0
 33
0.0
 14
10500.0
 24
-5350.0
 34
0.0
 50
0.0
100
AcDbRotatedDimension
1001
ACAD
1000
DSTYLE
1002
{
1070
75
1070
1
1070
76
1070
1
1002
}
  0
DIMENSION
  5
526
330
17
100
AcDbEntity
  8
A-DIMS
100
AcDbDimension
280
0
  2
*D68
  3
PLAN50
 10
6410.0
 20
-7050.0
 30
0.0
 11
6935.0
 21
-6952.5
 31
0.0
 70
32
 71
5
  1
<>
100
AcDbAlignedDimension
 13
6410.0
 23
-7050.0
 33
0.0
 14
7460.0
 24
-7050.0
 34
0.0
 50
0.0
100
AcDbRotatedDimension
1001
ACAD
1000
DSTYLE
1002
{
1070
75
1070
1
1070
76
1070
1
1002
}
  0
DIMENSION
  5
533
330
17
100
AcDbEntity
  8
A-DIMS
100
AcDbDimension
280
0
  2
*D69
  3
PLAN50
 10
7380.0
 20
-6860.0
 30
0.0
 11
7477.5
 21
-7460.0
 31
0.0
 70
32
 71
5
  1
<>
100
AcDbAlignedDimension
 13
7380.0
 23
-6860.0
 33
0.0
 14
7380.0
 24
-8060.0
 34
0.0
 50
-90.0
100
AcDbRotatedDimension
1001
ACAD
1000
DSTYLE
1002
{
1070
75
1070
1
1070
76
1070
1
1002
}
  0
DIMENSION
  5
540
330
17
100
AcDbEntity
  8
A-DIMS
100
AcDbDimension
280
0
  2
*D70
  3
PLAN50
 10
7460.0
 20
-13380.0
 30
0.0
 11
8070.0
 21
-13282.5
 31
0.0
 70
32
 71
5
  1
<>
100
AcDbAlignedDimension
 13
7460.0
 23
-13380.0
 33
0.0
 14
8680.0
 24
-13380.0
 34
0.0
 50
0.0
100
AcDbRotatedDimension
1001
ACAD
1000
DSTYLE
1002
{
1070
75
1070
1
1070
76
1070
1
1002
}
  0
DIMENSION
  5
54D
330
17
100
AcDbEntity
  8
A-DIMS
100
AcDbDimension
280
0
  2
*D71
  3
PLAN50
 10
8680.0
 20
-13380.0
 30
0.0
 11
8995.0
 21
-13282.5
 31
0.0
 70
32
 71
5
  1
<>
100
AcDbAlignedDimension
 13
8680.0
 23
-13380.0
 33
0.0
 14
9310.0
 24
-13380.0
 34
0.0
 50
0.0
100
AcDbRotatedDimension
1001
ACAD
1000
DSTYLE
1002
{
1070
75
1070
1
1070
76
1070
1
1002
}
  0
DIMENSION
  5
55A
330
17
100
AcDbEntity
  8
A-DIMS
100
AcDbDimension
280
0
  2
*D72
  3
PLAN50
 10
9310.0
 20
-13380.0
 30
0.0
 11
9710.0
 21
-13282.5
 31
0.0
 70
32
 71
5
  1
<>
100
AcDbAlignedDimension
 13
9310.0
 23
-13380.0
 33
0.0
 14
10110.0
 24
-13380.0
 34
0.0
 50
0.0
100
AcDbRotatedDimension
1001
ACAD
1000
DSTYLE
1002
{
1070
75
1070
1
1070
76
1070
1
1002
}
  0
LWPOLYLINE
  5
567
330
17
100
AcDbEntity
  8
A-SHEET
370
70
100
AcDbPolyline
 90
4
 70
1
 10
-2800.0
 20
3250.0
 10
25650.0
 20
3250.0
 10
25650.0
 20
-17250.0
 10
-2800.0
 20
-17250.0
  0
TEXT
  5
568
330
17
100
AcDbEntity
  8
A-SHEET
100
AcDbText
 10
5465.000000000001
 20
2500.0
 30
0.0
 40
350.0
  1
ПЛАН КВАРТИРЫ   М 1:50
  7
PLAN
 72
1
 11
5465.000000000001
 21
2500.0
 31
0.0
100
AcDbText
  0
TEXT
  5
569
330
17
100
AcDbEntity
  8
A-SHEET
100
AcDbText
 10
5465.000000000001
 20
2150.0
 30
0.0
 40
175.0
  1
стены 320 мм, справа и снизу — панорамное остекление; размеры в мм
  7
PLAN
 72
1
 11
5465.000000000001
 21
2150.0
 31
0.0
100
AcDbText
  0
TEXT
  5
56A
330
17
100
AcDbEntity
  8
A-SHEET
100
AcDbText
 10
17850.0
 20
2650.0
 30
0.0
 40
250.0
  1
ЭКСПЛИКАЦИЯ ПОМЕЩЕНИЙ
  7
PLAN
 72
1
 11
17850.0
 21
2650.0
 31
0.0
100
AcDbText
  0
TEXT
  5
56B
330
17
100
AcDbEntity
  8
A-SHEET
100
AcDbText
 10
14100.0
 20
2220.0
 30
0.0
 40
175.0
  1
№
  7
PLAN
 72
1
 11
14100.0
 21
2220.0
 31
0.0
100
AcDbText
  0
TEXT
  5
56C
330
17
100
AcDbEntity
  8
A-SHEET
100
AcDbText
 10
14500.0
 20
2220.0
 30
0.0
 40
175.0
  1
Наименование
  7
PLAN
 11
14500.0
 21
2220.0
 31
0.0
100
AcDbText
  0
TEXT
  5
56D
330
17
100
AcDbEntity
  8
A-SHEET
100
AcDbText
 10
17500.0
 20
2220.0
 30
0.0
 40
175.0
  1
Room
  7
PLAN
 11
17500.0
 21
2220.0
 31
0.0
100
AcDbText
  0
TEXT
  5
56E
330
17
100
AcDbEntity
  8
A-SHEET
100
AcDbText
 10
21150.0
 20
2220.0
 30
0.0
 40
175.0
  1
Площадь, м²
  7
PLAN
 72
1
 11
21150.0
 21
2220.0
 31
0.0
100
AcDbText
  0
TEXT
  5
56F
330
17
100
AcDbEntity
  8
A-SHEET
100
AcDbText
 10
14100.0
 20
1820.0
 30
0.0
 40
175.0
  1
1
  7
PLAN
 72
1
 11
14100.0
 21
1820.0
 31
0.0
100
AcDbText
  0
TEXT
  5
570
330
17
100
AcDbEntity
  8
A-SHEET
100
AcDbText
 10
14500.0
 20
1820.0
 30
0.0
 40
175.0
  1
Прихожая
  7
PLAN
 11
14500.0
 21
1820.0
 31
0.0
100
AcDbText
  0
TEXT
  5
571
330
17
100
AcDbEntity
  8
A-SHEET
100
AcDbText
 10
17500.0
 20
1820.0
 30
0.0
 40
175.0
  1
Entrance hall
  7
PLAN
 11
17500.0
 21
1820.0
 31
0.0
100
AcDbText
  0
TEXT
  5
572
330
17
100
AcDbEntity
  8
A-SHEET
100
AcDbText
 10
21150.0
 20
1820.0
 30
0.0
 40
175.0
  1
7,20
  7
PLAN
 72
1
 11
21150.0
 21
1820.0
 31
0.0
100
AcDbText
  0
TEXT
  5
573
330
17
100
AcDbEntity
  8
A-SHEET
100
AcDbText
 10
14100.0
 20
1420.0
 30
0.0
 40
175.0
  1
2
  7
PLAN
 72
1
 11
14100.0
 21
1420.0
 31
0.0
100
AcDbText
  0
TEXT
  5
574
330
17
100
AcDbEntity
  8
A-SHEET
100
AcDbText
 10
14500.0
 20
1420.0
 30
0.0
 40
175.0
  1
Коридор
  7
PLAN
 11
14500.0
 21
1420.0
 31
0.0
100
AcDbText
  0
TEXT
  5
575
330
17
100
AcDbEntity
  8
A-SHEET
100
AcDbText
 10
17500.0
 20
1420.0
 30
0.0
 40
175.0
  1
Corridor
  7
PLAN
 11
17500.0
 21
1420.0
 31
0.0
100
AcDbText
  0
TEXT
  5
576
330
17
100
AcDbEntity
  8
A-SHEET
100
AcDbText
 10
21150.0
 20
1420.0
 30
0.0
 40
175.0
  1
13,00
  7
PLAN
 72
1
 11
21150.0
 21
1420.0
 31
0.0
100
AcDbText
  0
TEXT
  5
577
330
17
100
AcDbEntity
  8
A-SHEET
100
AcDbText
 10
14100.0
 20
1019.9999999999999
 30
0.0
 40
175.0
  1
3
  7
PLAN
 72
1
 11
14100.0
 21
1019.9999999999999
 31
0.0
100
AcDbText
  0
TEXT
  5
578
330
17
100
AcDbEntity
  8
A-SHEET
100
AcDbText
 10
14500.0
 20
1019.9999999999999
 30
0.0
 40
175.0
  1
С/У
  7
PLAN
 11
14500.0
 21
1019.9999999999999
 31
0.0
100
AcDbText
  0
TEXT
  5
579
330
17
100
AcDbEntity
  8
A-SHEET
100
AcDbText
 10
17500.0
 20
1019.9999999999999
 30
0.0
 40
175.0
  1
Bathroom (WC)
  7
PLAN
 11
17500.0
 21
1019.9999999999999
 31
0.0
100
AcDbText
  0
TEXT
  5
57A
330
17
100
AcDbEntity
  8
A-SHEET
100
AcDbText
 10
21150.0
 20
1019.9999999999999
 30
0.0
 40
175.0
  1
4,05
  7
PLAN
 72
1
 11
21150.0
 21
1019.9999999999999
 31
0.0
100
AcDbText
  0
TEXT
  5
57B
330
17
100
AcDbEntity
  8
A-SHEET
100
AcDbText
 10
14100.0
 20
619.9999999999999
 30
0.0
 40
175.0
  1
4
  7
PLAN
 72
1
 11
14100.0
 21
619.9999999999999
 31
0.0
100
AcDbText
  0
TEXT
  5
57C
330
17
100
AcDbEntity
  8
A-SHEET
100
AcDbText
 10
14500.0
 20
619.9999999999999
 30
0.0
 40
175.0
  1
Гостиная
  7
PLAN
 11
14500.0
 21
619.9999999999999
 31
0.0
100
AcDbText
  0
TEXT
  5
57D
330
17
100
AcDbEntity
  8
A-SHEET
100
AcDbText
 10
17500.0
 20
619.9999999999999
 30
0.0
 40
175.0
  1
Living room
  7
PLAN
 11
17500.0
 21
619.9999999999999
 31
0.0
100
AcDbText
  0
TEXT
  5
57E
330
17
100
AcDbEntity
  8
A-SHEET
100
AcDbText
 10
21150.0
 20
619.9999999999999
 30
0.0
 40
175.0
  1
14,48
  7
PLAN
 72
1
 11
21150.0
 21
619.9999999999999
 31
0.0
100
AcDbText
  0
TEXT
  5
57F
330
17
100
AcDbEntity
  8
A-SHEET
100
AcDbText
 10
14100.0
 20
220.00000000000028
 30
0.0
 40
175.0
  1
5
  7
PLAN
 72
1
 11
14100.0
 21
220.00000000000028
 31
0.0
100
AcDbText
  0
TEXT
  5
580
330
17
100
AcDbEntity
  8
A-SHEET
100
AcDbText
 10
14500.0
 20
220.00000000000028
 30
0.0
 40
175.0
  1
Кухня
  7
PLAN
 11
14500.0
 21
220.00000000000028
 31
0.0
100
AcDbText
  0
TEXT
  5
581
330
17
100
AcDbEntity
  8
A-SHEET
100
AcDbText
 10
17500.0
 20
220.00000000000028
 30
0.0
 40
175.0
  1
Kitchen
  7
PLAN
 11
17500.0
 21
220.00000000000028
 31
0.0
100
AcDbText
  0
TEXT
  5
582
330
17
100
AcDbEntity
  8
A-SHEET
100
AcDbText
 10
21150.0
 20
220.00000000000028
 30
0.0
 40
175.0
  1
10,93
  7
PLAN
 72
1
 11
21150.0
 21
220.00000000000028
 31
0.0
100
AcDbText
  0
TEXT
  5
583
330
17
100
AcDbEntity
  8
A-SHEET
100
AcDbText
 10
14100.0
 20
-179.99999999999972
 30
0.0
 40
175.0
  1
6
  7
PLAN
 72
1
 11
14100.0
 21
-179.99999999999972
 31
0.0
100
AcDbText
  0
TEXT
  5
584
330
17
100
AcDbEntity
  8
A-SHEET
100
AcDbText
 10
14500.0
 20
-179.99999999999972
 30
0.0
 40
175.0
  1
Спальня
  7
PLAN
 11
14500.0
 21
-179.99999999999972
 31
0.0
100
AcDbText
  0
TEXT
  5
585
330
17
100
AcDbEntity
  8
A-SHEET
100
AcDbText
 10
17500.0
 20
-179.99999999999972
 30
0.0
 40
175.0
  1
Bedroom 1
  7
PLAN
 11
17500.0
 21
-179.99999999999972
 31
0.0
100
AcDbText
  0
TEXT
  5
586
330
17
100
AcDbEntity
  8
A-SHEET
100
AcDbText
 10
21150.0
 20
-179.99999999999972
 30
0.0
 40
175.0
  1
18,18
  7
PLAN
 72
1
 11
21150.0
 21
-179.99999999999972
 31
0.0
100
AcDbText
  0
TEXT
  5
587
330
17
100
AcDbEntity
  8
A-SHEET
100
AcDbText
 10
14100.0
 20
-579.9999999999998
 30
0.0
 40
175.0
  1
7
  7
PLAN
 72
1
 11
14100.0
 21
-579.9999999999998
 31
0.0
100
AcDbText
  0
TEXT
  5
588
330
17
100
AcDbEntity
  8
A-SHEET
100
AcDbText
 10
14500.0
 20
-579.9999999999998
 30
0.0
 40
175.0
  1
Спальня
  7
PLAN
 11
14500.0
 21
-579.9999999999998
 31
0.0
100
AcDbText
  0
TEXT
  5
589
330
17
100
AcDbEntity
  8
A-SHEET
100
AcDbText
 10
17500.0
 20
-579.9999999999998
 30
0.0
 40
175.0
  1
Bedroom 2
  7
PLAN
 11
17500.0
 21
-579.9999999999998
 31
0.0
100
AcDbText
  0
TEXT
  5
58A
330
17
100
AcDbEntity
  8
A-SHEET
100
AcDbText
 10
21150.0
 20
-579.9999999999998
 30
0.0
 40
175.0
  1
19,60
  7
PLAN
 72
1
 11
21150.0
 21
-579.9999999999998
 31
0.0
100
AcDbText
  0
TEXT
  5
58B
330
17
100
AcDbEntity
  8
A-SHEET
100
AcDbText
 10
14100.0
 20
-979.9999999999998
 30
0.0
 40
175.0
  1
8
  7
PLAN
 72
1
 11
14100.0
 21
-979.9999999999998
 31
0.0
100
AcDbText
  0
TEXT
  5
58C
330
17
100
AcDbEntity
  8
A-SHEET
100
AcDbText
 10
14500.0
 20
-979.9999999999998
 30
0.0
 40
175.0
  1
Лоджия
  7
PLAN
 11
14500.0
 21
-979.9999999999998
 31
0.0
100
AcDbText
  0
TEXT
  5
58D
330
17
100
AcDbEntity
  8
A-SHEET
100
AcDbText
 10
17500.0
 20
-979.9999999999998
 30
0.0
 40
175.0
  1
Loggia
  7
PLAN
 11
17500.0
 21
-979.9999999999998
 31
0.0
100
AcDbText
  0
TEXT
  5
58E
330
17
100
AcDbEntity
  8
A-SHEET
100
AcDbText
 10
21150.0
 20
-979.9999999999998
 30
0.0
 40
175.0
  1
5,20
  7
PLAN
 72
1
 11
21150.0
 21
-979.9999999999998
 31
0.0
100
AcDbText
  0
TEXT
  5
58F
330
17
100
AcDbEntity
  8
A-SHEET
100
AcDbText
 10
14100.0
 20
-1379.9999999999998
 30
0.0
 40
175.0
  1

  7
PLAN
 72
1
 11
14100.0
 21
-1379.9999999999998
 31
0.0
100
AcDbText
  0
TEXT
  5
590
330
17
100
AcDbEntity
  8
A-SHEET
100
AcDbText
 10
14500.0
 20
-1379.9999999999998
 30
0.0
 40
175.0
  1
Жилая площадь (4, 6, 7)
  7
PLAN
 11
14500.0
 21
-1379.9999999999998
 31
0.0
100
AcDbText
  0
TEXT
  5
591
330
17
100
AcDbEntity
  8
A-SHEET
100
AcDbText
 10
17500.0
 20
-1379.9999999999998
 30
0.0
 40
175.0
  1
Living area
  7
PLAN
 11
17500.0
 21
-1379.9999999999998
 31
0.0
100
AcDbText
  0
TEXT
  5
592
330
17
100
AcDbEntity
  8
A-SHEET
100
AcDbText
 10
21150.0
 20
-1379.9999999999998
 30
0.0
 40
175.0
  1
52,26
  7
PLAN
 72
1
 11
21150.0
 21
-1379.9999999999998
 31
0.0
100
AcDbText
  0
TEXT
  5
593
330
17
100
AcDbEntity
  8
A-SHEET
100
AcDbText
 10
14100.0
 20
-1779.9999999999998
 30
0.0
 40
175.0
  1

  7
PLAN
 72
1
 11
14100.0
 21
-1779.9999999999998
 31
0.0
100
AcDbText
  0
TEXT
  5
594
330
17
100
AcDbEntity
  8
A-SHEET
100
AcDbText
 10
14500.0
 20
-1779.9999999999998
 30
0.0
 40
175.0
  1
Общая площадь (1–7)
  7
PLAN
 11
14500.0
 21
-1779.9999999999998
 31
0.0
100
AcDbText
  0
TEXT
  5
595
330
17
100
AcDbEntity
  8
A-SHEET
100
AcDbText
 10
17500.0
 20
-1779.9999999999998
 30
0.0
 40
175.0
  1
Total area
  7
PLAN
 11
17500.0
 21
-1779.9999999999998
 31
0.0
100
AcDbText
  0
TEXT
  5
596
330
17
100
AcDbEntity
  8
A-SHEET
100
AcDbText
 10
21150.0
 20
-1779.9999999999998
 30
0.0
 40
175.0
  1
87,44
  7
PLAN
 72
1
 11
21150.0
 21
-1779.9999999999998
 31
0.0
100
AcDbText
  0
TEXT
  5
597
330
17
100
AcDbEntity
  8
A-SHEET
100
AcDbText
 10
14100.0
 20
-2179.9999999999995
 30
0.0
 40
175.0
  1

  7
PLAN
 72
1
 11
14100.0
 21
-2179.9999999999995
 31
0.0
100
AcDbText
  0
TEXT
  5
598
330
17
100
AcDbEntity
  8
A-SHEET
100
AcDbText
 10
14500.0
 20
-2179.9999999999995
 30
0.0
 40
175.0
  1
Итого с лоджией (1–8)
  7
PLAN
 11
14500.0
 21
-2179.9999999999995
 31
0.0
100
AcDbText
  0
TEXT
  5
599
330
17
100
AcDbEntity
  8
A-SHEET
100
AcDbText
 10
17500.0
 20
-2179.9999999999995
 30
0.0
 40
175.0
  1
Total incl. loggia
  7
PLAN
 11
17500.0
 21
-2179.9999999999995
 31
0.0
100
AcDbText
  0
TEXT
  5
59A
330
17
100
AcDbEntity
  8
A-SHEET
100
AcDbText
 10
21150.0
 20
-2179.9999999999995
 30
0.0
 40
175.0
  1
92,64
  7
PLAN
 72
1
 11
21150.0
 21
-2179.9999999999995
 31
0.0
100
AcDbText
  0
LWPOLYLINE
  5
59B
330
17
100
AcDbEntity
  8
A-SHEET
370
50
100
AcDbPolyline
 90
4
 70
1
 10
13800.0
 20
2500.0
 10
21900.0
 20
2500.0
 10
21900.0
 20
-2300.0
 10
13800.0
 20
-2300.0
  0
LINE
  5
59C
330
17
100
AcDbEntity
  8
A-SHEET
370
50
100
AcDbLine
 10
13800.0
 20
2100.0
 30
0.0
 11
21900.0
 21
2100.0
 31
0.0
  0
LINE
  5
59D
330
17
100
AcDbEntity
  8
A-SHEET
370
18
100
AcDbLine
 10
13800.0
 20
1700.0
 30
0.0
 11
21900.0
 21
1700.0
 31
0.0
  0
LINE
  5
59E
330
17
100
AcDbEntity
  8
A-SHEET
370
18
100
AcDbLine
 10
13800.0
 20
1300.0
 30
0.0
 11
21900.0
 21
1300.0
 31
0.0
  0
LINE
  5
59F
330
17
100
AcDbEntity
  8
A-SHEET
370
18
100
AcDbLine
 10
13800.0
 20
900.0
 30
0.0
 11
21900.0
 21
900.0
 31
0.0
  0
LINE
  5
5A0
330
17
100
AcDbEntity
  8
A-SHEET
370
18
100
AcDbLine
 10
13800.0
 20
500.0
 30
0.0
 11
21900.0
 21
500.0
 31
0.0
  0
LINE
  5
5A1
330
17
100
AcDbEntity
  8
A-SHEET
370
18
100
AcDbLine
 10
13800.0
 20
100.0
 30
0.0
 11
21900.0
 21
100.0
 31
0.0
  0
LINE
  5
5A2
330
17
100
AcDbEntity
  8
A-SHEET
370
18
100
AcDbLine
 10
13800.0
 20
-300.0
 30
0.0
 11
21900.0
 21
-300.0
 31
0.0
  0
LINE
  5
5A3
330
17
100
AcDbEntity
  8
A-SHEET
370
18
100
AcDbLine
 10
13800.0
 20
-700.0
 30
0.0
 11
21900.0
 21
-700.0
 31
0.0
  0
LINE
  5
5A4
330
17
100
AcDbEntity
  8
A-SHEET
370
50
100
AcDbLine
 10
13800.0
 20
-1100.0
 30
0.0
 11
21900.0
 21
-1100.0
 31
0.0
  0
LINE
  5
5A5
330
17
100
AcDbEntity
  8
A-SHEET
370
18
100
AcDbLine
 10
13800.0
 20
-1500.0
 30
0.0
 11
21900.0
 21
-1500.0
 31
0.0
  0
LINE
  5
5A6
330
17
100
AcDbEntity
  8
A-SHEET
370
18
100
AcDbLine
 10
13800.0
 20
-1900.0
 30
0.0
 11
21900.0
 21
-1900.0
 31
0.0
  0
LINE
  5
5A7
330
17
100
AcDbEntity
  8
A-SHEET
370
50
100
AcDbLine
 10
14400.0
 20
2500.0
 30
0.0
 11
14400.0
 21
-2300.0
 31
0.0
  0
LINE
  5
5A8
330
17
100
AcDbEntity
  8
A-SHEET
370
50
100
AcDbLine
 10
17400.0
 20
2500.0
 30
0.0
 11
17400.0
 21
-2300.0
 31
0.0
  0
LINE
  5
5A9
330
17
100
AcDbEntity
  8
A-SHEET
370
50
100
AcDbLine
 10
20400.0
 20
2500.0
 30
0.0
 11
20400.0
 21
-2300.0
 31
0.0
  0
TEXT
  5
5AA
330
17
100
AcDbEntity
  8
A-SHEET
100
AcDbText
 10
13800.0
 20
-3000.0
 30
0.0
 40
250.0
  1
ПРИМЕЧАНИЯ
  7
PLAN
 11
13800.0
 21
-3000.0
 31
0.0
100
AcDbText
  0
TEXT
  5
5AB
330
17
100
AcDbEntity
  8
A-SHEET
100
AcDbText
 10
13800.0
 20
-3400.0
 30
0.0
 40
150.0
  1
1. Все размеры в миллиметрах, площади в м². Масштаб 1:50 —
  7
PLAN
 11
13800.0
 21
-3400.0
 31
0.0
100
AcDbText
  0
TEXT
  5
5AC
330
17
100
AcDbEntity
  8
A-SHEET
100
AcDbText
 10
13800.0
 20
-3659.9999999999995
 30
0.0
 40
150.0
  1
    печатать на листе А2 в масштабе 100 % (без подгонки).
  7
PLAN
 11
13800.0
 21
-3659.9999999999995
 31
0.0
100
AcDbText
  0
TEXT
  5
5AD
330
17
100
AcDbEntity
  8
A-SHEET
100
AcDbText
 10
13800.0
 20
-3920.0000000000005
 30
0.0
 40
150.0
  1
2. Толщина всех стен 320 мм. Стенки вентшахт и тех. ниши 120 мм.
  7
PLAN
 11
13800.0
 21
-3920.0000000000005
 31
0.0
100
AcDbText
  0
TEXT
  5
5AE
330
17
100
AcDbEntity
  8
A-SHEET
100
AcDbText
 10
13800.0
 20
-4180.0
 30
0.0
 40
150.0
  1
3. Правая и нижняя наружные стороны — сплошное панорамное
  7
PLAN
 11
13800.0
 21
-4180.0
 31
0.0
100
AcDbText
  0
TEXT
  5
5AF
330
17
100
AcDbEntity
  8
A-SHEET
100
AcDbText
 10
13800.0
 20
-4440.000000000001
 30
0.0
 40
150.0
  1
    остекление (витраж) на всю длину, зона 320 мм.
  7
PLAN
 11
13800.0
 21
-4440.000000000001
 31
0.0
100
AcDbText
  0
TEXT
  5
5B0
330
17
100
AcDbEntity
  8
A-SHEET
100
AcDbText
 10
13800.0
 20
-4700.0
 30
0.0
 40
150.0
  1
4. Жирным шрифтом — размеры помещений в чистоте по исходному
  7
PLAN
 11
13800.0
 21
-4700.0
 31
0.0
100
AcDbText
  0
TEXT
  5
5B1
330
17
100
AcDbEntity
  8
A-SHEET
100
AcDbText
 10
13800.0
 20
-4959.999999999999
 30
0.0
 40
150.0
  1
    плану (сохранены без изменений). Остальные размеры получены
  7
PLAN
 11
13800.0
 21
-4959.999999999999
 31
0.0
100
AcDbText
  0
TEXT
  5
5B2
330
17
100
AcDbEntity
  8
A-SHEET
100
AcDbText
 10
13800.0
 20
-5220.0
 30
0.0
 40
150.0
  1
    расчётом или обмером исходного плана с округлением.
  7
PLAN
 11
13800.0
 21
-5220.0
 31
0.0
100
AcDbText
  0
TEXT
  5
5B3
330
17
100
AcDbEntity
  8
A-SHEET
100
AcDbText
 10
13800.0
 20
-5480.0
 30
0.0
 40
150.0
  1
    Каждый размер указан один раз.
  7
PLAN
 11
13800.0
 21
-5480.0
 31
0.0
100
AcDbText
  0
TEXT
  5
5B4
330
17
100
AcDbEntity
  8
A-SHEET
100
AcDbText
 10
13800.0
 20
-5740.000000000001
 30
0.0
 40
150.0
  1
5. Колонны 500×500 приняты условно (в исходном плане не указаны):
  7
PLAN
 11
13800.0
 21
-5740.000000000001
 31
0.0
100
AcDbText
  0
TEXT
  5
5B5
330
17
100
AcDbEntity
  8
A-SHEET
100
AcDbText
 10
13800.0
 20
-6000.0
 30
0.0
 40
150.0
  1
    у стен — заподлицо с наружной гранью, у витража — внутри
  7
PLAN
 11
13800.0
 21
-6000.0
 31
0.0
100
AcDbText
  0
TEXT
  5
5B6
330
17
100
AcDbEntity
  8
A-SHEET
100
AcDbText
 10
13800.0
 20
-6259.999999999999
 30
0.0
 40
150.0
  1
    помещений, вплотную к остеклению.
  7
PLAN
 11
13800.0
 21
-6259.999999999999
 31
0.0
100
AcDbText
  0
TEXT
  5
5B7
330
17
100
AcDbEntity
  8
A-SHEET
100
AcDbText
 10
13800.0
 20
-6520.0
 30
0.0
 40
150.0
  1
6. Площади подсчитаны по чертежу (в чистоте, за вычетом колонн
  7
PLAN
 11
13800.0
 21
-6520.0
 31
0.0
100
AcDbText
  0
TEXT
  5
5B8
330
17
100
AcDbEntity
  8
A-SHEET
100
AcDbText
 10
13800.0
 20
-6780.000000000001
 30
0.0
 40
150.0
  1
    и вентшахт, без площади проёмов), Площадь тех, ниши 0,88 м² не учтена.
  7
PLAN
 11
13800.0
 21
-6780.000000000001
 31
0.0
100
AcDbText
  0
TEXT
  5
5B9
330
17
100
AcDbEntity
  8
A-SHEET
100
AcDbText
 10
13800.0
 20
-7040.000000000001
 30
0.0
 40
150.0
  1
7. Мебель показана условно, по исходному плану.
  7
PLAN
 11
13800.0
 21
-7040.000000000001
 31
0.0
100
AcDbText
  0
TEXT
  5
5BA
330
17
100
AcDbEntity
  8
A-SHEET
100
AcDbText
 10
13800.0
 20
-7300.0
 30
0.0
 40
150.0
  1
8. Контроль масштаба: отрезок 0–5 м на шкале = 100 мм.
  7
PLAN
 11
13800.0
 21
-7300.0
 31
0.0
100
AcDbText
  0
LWPOLYLINE
  5
5BB
330
17
100
AcDbEntity
  8
A-SHEET
370
25
100
AcDbPolyline
 90
4
 70
1
 10
13800.0
 20
-8059.999999999999
 10
14800.0
 20
-8059.999999999999
 10
14800.0
 20
-8210.0
 10
13800.0
 20
-8210.0
  0
LWPOLYLINE
  5
5BC
330
17
100
AcDbEntity
  8
A-SHEET
370
25
100
AcDbPolyline
 90
4
 70
1
 10
14800.0
 20
-8059.999999999999
 10
15800.0
 20
-8059.999999999999
 10
15800.0
 20
-8210.0
 10
14800.0
 20
-8210.0
  0
LWPOLYLINE
  5
5BD
330
17
100
AcDbEntity
  8
A-SHEET
370
25
100
AcDbPolyline
 90
4
 70
1
 10
15800.0
 20
-8059.999999999999
 10
16800.0
 20
-8059.999999999999
 10
16800.0
 20
-8210.0
 10
15800.0
 20
-8210.0
  0
LWPOLYLINE
  5
5BE
330
17
100
AcDbEntity
  8
A-SHEET
370
25
100
AcDbPolyline
 90
4
 70
1
 10
16800.0
 20
-8059.999999999999
 10
17800.0
 20
-8059.999999999999
 10
17800.0
 20
-8210.0
 10
16800.0
 20
-8210.0
  0
LWPOLYLINE
  5
5BF
330
17
100
AcDbEntity
  8
A-SHEET
370
25
100
AcDbPolyline
 90
4
 70
1
 10
17800.0
 20
-8059.999999999999
 10
18800.0
 20
-8059.999999999999
 10
18800.0
 20
-8210.0
 10
17800.0
 20
-8210.0
  0
TEXT
  5
5C0
330
17
100
AcDbEntity
  8
A-SHEET
100
AcDbText
 10
13800.0
 20
-8460.0
 30
0.0
 40
150.0
  1
0
  7
PLAN
 72
1
 11
13800.0
 21
-8460.0
 31
0.0
100
AcDbText
  0
TEXT
  5
5C1
330
17
100
AcDbEntity
  8
A-SHEET
100
AcDbText
 10
14800.0
 20
-8460.0
 30
0.0
 40
150.0
  1
1
  7
PLAN
 72
1
 11
14800.0
 21
-8460.0
 31
0.0
100
AcDbText
  0
TEXT
  5
5C2
330
17
100
AcDbEntity
  8
A-SHEET
100
AcDbText
 10
15800.0
 20
-8460.0
 30
0.0
 40
150.0
  1
2
  7
PLAN
 72
1
 11
15800.0
 21
-8460.0
 31
0.0
100
AcDbText
  0
TEXT
  5
5C3
330
17
100
AcDbEntity
  8
A-SHEET
100
AcDbText
 10
16800.0
 20
-8460.0
 30
0.0
 40
150.0
  1
3
  7
PLAN
 72
1
 11
16800.0
 21
-8460.0
 31
0.0
100
AcDbText
  0
TEXT
  5
5C4
330
17
100
AcDbEntity
  8
A-SHEET
100
AcDbText
 10
17800.0
 20
-8460.0
 30
0.0
 40
150.0
  1
4
  7
PLAN
 72
1
 11
17800.0
 21
-8460.0
 31
0.0
100
AcDbText
  0
TEXT
  5
5C5
330
17
100
AcDbEntity
  8
A-SHEET
100
AcDbText
 10
18800.0
 20
-8460.0
 30
0.0
 40
150.0
  1
5
  7
PLAN
 72
1
 11
18800.0
 21
-8460.0
 31
0.0
100
AcDbText
  0
TEXT
  5
5C6
330
17
100
AcDbEntity
  8
A-SHEET
100
AcDbText
 10
19000.0
 20
-8210.0
 30
0.0
 40
150.0
  1
м  (М 1:50)
  7
PLAN
 11
19000.0
 21
-8210.0
 31
0.0
100
AcDbText
  0
TEXT
  5
5C7
330
17
100
AcDbEntity
  8
A-SHEET
100
AcDbText
 10
13800.0
 20
-9060.0
 30
0.0
 40
250.0
  1
УСЛОВНЫЕ ОБОЗНАЧЕНИЯ
  7
PLAN
 11
13800.0
 21
-9060.0
 31
0.0
100
AcDbText
  0
LWPOLYLINE
  5
5C8
330
17
100
AcDbEntity
  8
A-SHEET
370
50
100
AcDbPolyline
 90
4
 70
1
 10
13800.0
 20
-9360.0
 10
14600.0
 20
-9360.0
 10
14600.0
 20
-9560.0
 10
13800.0
 20
-9560.0
  0
TEXT
  5
5C9
330
17
100
AcDbEntity
  8
A-SHEET
100
AcDbText
 10
14900.0
 20
-9535.0
 30
0.0
 40
175.0
  1
Стена 320 мм
  7
PLAN
 11
14900.0
 21
-9535.0
 31
0.0
100
AcDbText
  0
LWPOLYLINE
  5
5CA
330
17
100
AcDbEntity
  8
A-SHEET
370
50
100
AcDbPolyline
 90
4
 70
1
 10
14050.0
 20
-9710.0
 10
14350.0
 20
-9710.0
 10
14350.0
 20
-10010.0
 10
14050.0
 20
-10010.0
  0
TEXT
  5
5CB
330
17
100
AcDbEntity
  8
A-SHEET
100
AcDbText
 10
14900.0
 20
-9935.0
 30
0.0
 40
175.0
  1
Колонна 500×500
  7
PLAN
 11
14900.0
 21
-9935.0
 31
0.0
100
AcDbText
  0
LINE
  5
5CC
330
17
100
AcDbEntity
  8
A-SHEET
370
25
100
AcDbLine
 10
13800.0
 20
-10160.0
 30
0.0
 11
14600.0
 21
-10160.0
 31
0.0
  0
LINE
  5
5CD
330
17
100
AcDbEntity
  8
A-SHEET
370
18
100
AcDbLine
 10
13800.0
 20
-10229.999999999998
 30
0.0
 11
14600.0
 21
-10229.999999999998
 31
0.0
  0
LINE
  5
5CE
330
17
100
AcDbEntity
  8
A-SHEET
370
18
100
AcDbLine
 10
13800.0
 20
-10290.0
 30
0.0
 11
14600.0
 21
-10290.0
 31
0.0
  0
LINE
  5
5CF
330
17
100
AcDbEntity
  8
A-SHEET
370
25
100
AcDbLine
 10
13800.0
 20
-10360.0
 30
0.0
 11
14600.0
 21
-10360.0
 31
0.0
  0
TEXT
  5
5D0
330
17
100
AcDbEntity
  8
A-SHEET
100
AcDbText
 10
14900.0
 20
-10335.0
 30
0.0
 40
175.0
  1
Окно, панорамное остекление (витраж)
  7
PLAN
 11
14900.0
 21
-10335.0
 31
0.0
100
AcDbText
  0
LWPOLYLINE
  5
5D1
330
17
100
AcDbEntity
  8
A-SHEET
370
50
100
AcDbPolyline
 90
4
 70
1
 10
14000.0
 20
-10510.0
 10
14400.0
 20
-10510.0
 10
14400.0
 20
-10810.0
 10
14000.0
 20
-10810.0
  0
LINE
  5
5D2
330
17
100
AcDbEntity
  8
A-SHEET
370
18
100
AcDbLine
 10
14000.0
 20
-10510.0
 30
0.0
 11
14400.0
 21
-10810.0
 31
0.0
  0
LINE
  5
5D3
330
17
100
AcDbEntity
  8
A-SHEET
370
18
100
AcDbLine
 10
14400.0
 20
-10510.0
 30
0.0
 11
14000.0
 21
-10810.0
 31
0.0
  0
TEXT
  5
5D4
330
17
100
AcDbEntity
  8
A-SHEET
100
AcDbText
 10
14900.0
 20
-10735.0
 30
0.0
 40
175.0
  1
Вентшахта
  7
PLAN
 11
14900.0
 21
-10735.0
 31
0.0
100
AcDbText
  0
TEXT
  5
5D5
330
17
100
AcDbEntity
  8
A-SHEET
100
AcDbText
 10
14200.0
 20
-11160.0
 30
0.0
 40
150.0
  1
4350
  7
PLAN
 72
1
 11
14200.0
 21
-11160.0
 31
0.0
100
AcDbText
  0
TEXT
  5
5D6
330
17
100
AcDbEntity
  8
A-SHEET
100
AcDbText
 10
14900.0
 20
-11135.0
 30
0.0
 40
175.0
  1
Размер по исходному плану
  7
PLAN
 11
14900.0
 21
-11135.0
 31
0.0
100
AcDbText
  0
LWPOLYLINE
  5
5D7
330
17
100
AcDbEntity
  8
A-SHEET
370
70
100
AcDbPolyline
 90
4
 70
1
 10
16400.0
 20
-14500.0
 10
25650.0
 20
-14500.0
 10
25650.0
 20
-17250.0
 10
16400.0
 20
-17250.0
  0
LINE
  5
5D8
330
17
100
AcDbEntity
  8
A-SHEET
370
50
100
AcDbLine
 10
19650.0
 20
-15250.0
 30
0.0
 11
25650.0
 21
-15250.0
 31
0.0
  0
LINE
  5
5D9
330
17
100
AcDbEntity
  8
A-SHEET
370
50
100
AcDbLine
 10
19650.0
 20
-16000.0
 30
0.0
 11
25650.0
 21
-16000.0
 31
0.0
  0
LINE
  5
5DA
330
17
100
AcDbEntity
  8
A-SHEET
370
70
100
AcDbLine
 10
19650.0
 20
-14500.0
 30
0.0
 11
19650.0
 21
-17250.0
 31
0.0
  0
LINE
  5
5DB
330
17
100
AcDbEntity
  8
A-SHEET
370
50
100
AcDbLine
 10
23150.0
 20
-16000.0
 30
0.0
 11
23150.0
 21
-17250.0
 31
0.0
  0
LINE
  5
5DC
330
17
100
AcDbEntity
  8
A-SHEET
370
50
100
AcDbLine
 10
23900.0
 20
-16000.0
 30
0.0
 11
23900.0
 21
-16500.0
 31
0.0
  0
LINE
  5
5DD
330
17
100
AcDbEntity
  8
A-SHEET
370
50
100
AcDbLine
 10
24650.0
 20
-16000.0
 30
0.0
 11
24650.0
 21
-16500.0
 31
0.0
  0
LINE
  5
5DE
330
17
100
AcDbEntity
  8
A-SHEET
370
25
100
AcDbLine
 10
23150.0
 20
-16250.0
 30
0.0
 11
25650.0
 21
-16250.0
 31
0.0
  0
LINE
  5
5DF
330
17
100
AcDbEntity
  8
A-SHEET
370
50
100
AcDbLine
 10
23150.0
 20
-16500.0
 30
0.0
 11
25650.0
 21
-16500.0
 31
0.0
  0
LINE
  5
5E0
330
17
100
AcDbEntity
  8
A-SHEET
370
18
100
AcDbLine
 10
16400.0
 20
-14750.0
 30
0.0
 11
19650.0
 21
-14750.0
 31
0.0
  0
LINE
  5
5E1
330
17
100
AcDbEntity
  8
A-SHEET
370
18
100
AcDbLine
 10
16400.0
 20
-15000.0
 30
0.0
 11
19650.0
 21
-15000.0
 31
0.0
  0
LINE
  5
5E2
330
17
100
AcDbEntity
  8
A-SHEET
370
18
100
AcDbLine
 10
16400.0
 20
-15250.0
 30
0.0
 11
19650.0
 21
-15250.0
 31
0.0
  0
LINE
  5
5E3
330
17
100
AcDbEntity
  8
A-SHEET
370
18
100
AcDbLine
 10
16400.0
 20
-15500.0
 30
0.0
 11
19650.0
 21
-15500.0
 31
0.0
  0
LINE
  5
5E4
330
17
100
AcDbEntity
  8
A-SHEET
370
18
100
AcDbLine
 10
16400.0
 20
-15750.0
 30
0.0
 11
19650.0
 21
-15750.0
 31
0.0
  0
LINE
  5
5E5
330
17
100
AcDbEntity
  8
A-SHEET
370
18
100
AcDbLine
 10
16400.0
 20
-16000.0
 30
0.0
 11
19650.0
 21
-16000.0
 31
0.0
  0
LINE
  5
5E6
330
17
100
AcDbEntity
  8
A-SHEET
370
18
100
AcDbLine
 10
16400.0
 20
-16250.0
 30
0.0
 11
19650.0
 21
-16250.0
 31
0.0
  0
LINE
  5
5E7
330
17
100
AcDbEntity
  8
A-SHEET
370
18
100
AcDbLine
 10
16400.0
 20
-16500.0
 30
0.0
 11
19650.0
 21
-16500.0
 31
0.0
  0
LINE
  5
5E8
330
17
100
AcDbEntity
  8
A-SHEET
370
18
100
AcDbLine
 10
16400.0
 20
-16750.0
 30
0.0
 11
19650.0
 21
-16750.0
 31
0.0
  0
LINE
  5
5E9
330
17
100
AcDbEntity
  8
A-SHEET
370
18
100
AcDbLine
 10
16400.0
 20
-17000.0
 30
0.0
 11
19650.0
 21
-17000.0
 31
0.0
  0
LINE
  5
5EA
330
17
100
AcDbEntity
  8
A-SHEET
370
18
100
AcDbLine
 10
16750.0
 20
-14500.0
 30
0.0
 11
16750.0
 21
-17250.0
 31
0.0
  0
LINE
  5
5EB
330
17
100
AcDbEntity
  8
A-SHEET
370
18
100
AcDbLine
 10
17250.0
 20
-14500.0
 30
0.0
 11
17250.0
 21
-17250.0
 31
0.0
  0
LINE
  5
5EC
330
17
100
AcDbEntity
  8
A-SHEET
370
18
100
AcDbLine
 10
17550.0
 20
-14500.0
 30
0.0
 11
17550.0
 21
-17250.0
 31
0.0
  0
LINE
  5
5ED
330
17
100
AcDbEntity
  8
A-SHEET
370
18
100
AcDbLine
 10
18300.0
 20
-14500.0
 30
0.0
 11
18300.0
 21
-17250.0
 31
0.0
  0
LINE
  5
5EE
330
17
100
AcDbEntity
  8
A-SHEET
370
18
100
AcDbLine
 10
19050.0
 20
-14500.0
 30
0.0
 11
19050.0
 21
-17250.0
 31
0.0
  0
TEXT
  5
5EF
330
17
100
AcDbEntity
  8
A-SHEET
100
AcDbText
 10
16575.0
 20
-15950.0
 30
0.0
 40
110.00000000000001
  1
Изм.
  7
PLAN
 72
1
 11
16575.0
 21
-15950.0
 31
0.0
100
AcDbText
  0
TEXT
  5
5F0
330
17
100
AcDbEntity
  8
A-SHEET
100
AcDbText
 10
17000.0
 20
-15950.0
 30
0.0
 40
110.00000000000001
  1
Кол.
  7
PLAN
 72
1
 11
17000.0
 21
-15950.0
 31
0.0
100
AcDbText
  0
TEXT
  5
5F1
330
17
100
AcDbEntity
  8
A-SHEET
100
AcDbText
 10
17400.0
 20
-15950.0
 30
0.0
 40
110.00000000000001
  1
Лист
  7
PLAN
 72
1
 11
17400.0
 21
-15950.0
 31
0.0
100
AcDbText
  0
TEXT
  5
5F2
330
17
100
AcDbEntity
  8
A-SHEET
100
AcDbText
 10
17925.0
 20
-15950.0
 30
0.0
 40
110.00000000000001
  1
№док
  7
PLAN
 72
1
 11
17925.0
 21
-15950.0
 31
0.0
100
AcDbText
  0
TEXT
  5
5F3
330
17
100
AcDbEntity
  8
A-SHEET
100
AcDbText
 10
18675.0
 20
-15950.0
 30
0.0
 40
110.00000000000001
  1
Подп.
  7
PLAN
 72
1
 11
18675.0
 21
-15950.0
 31
0.0
100
AcDbText
  0
TEXT
  5
5F4
330
17
100
AcDbEntity
  8
A-SHEET
100
AcDbText
 10
19350.0
 20
-15950.0
 30
0.0
 40
110.00000000000001
  1
Дата
  7
PLAN
 72
1
 11
19350.0
 21
-15950.0
 31
0.0
100
AcDbText
  0
TEXT
  5
5F5
330
17
100
AcDbEntity
  8
A-SHEET
100
AcDbText
 10
22650.0
 20
-14975.0
 30
0.0
 40
225.0
  1
Квартира: 3 комнаты, лоджия
  7
PLAN
 72
1
 11
22650.0
 21
-14975.0
 31
0.0
100
AcDbText
  0
TEXT
  5
5F6
330
17
100
AcDbEntity
  8
A-SHEET
100
AcDbText
 10
22650.0
 20
-15700.0
 30
0.0
 40
200.0
  1
Архитектурные решения
  7
PLAN
 72
1
 11
22650.0
 21
-15700.0
 31
0.0
100
AcDbText
  0
TEXT
  5
5F7
330
17
100
AcDbEntity
  8
A-SHEET
100
AcDbText
 10
21400.0
 20
-16550.0
 30
0.0
 40
225.0
  1
План квартиры
  7
PLAN
 72
1
 11
21400.0
 21
-16550.0
 31
0.0
100
AcDbText
  0
TEXT
  5
5F8
330
17
100
AcDbEntity
  8
A-SHEET
100
AcDbText
 10
21400.0
 20
-16900.0
 30
0.0
 40
175.0
  1
Стены 320 мм
  7
PLAN
 72
1
 11
21400.0
 21
-16900.0
 31
0.0
100
AcDbText
  0
TEXT
  5
5F9
330
17
100
AcDbEntity
  8
A-SHEET
100
AcDbText
 10
23525.0
 20
-16200.0
 30
0.0
 40
125.0
  1
Стадия
  7
PLAN
 72
1
 11
23525.0
 21
-16200.0
 31
0.0
100
AcDbText
  0
TEXT
  5
5FA
330
17
100
AcDbEntity
  8
A-SHEET
100
AcDbText
 10
24275.0
 20
-16200.0
 30
0.0
 40
125.0
  1
Лист
  7
PLAN
 72
1
 11
24275.0
 21
-16200.0
 31
0.0
100
AcDbText
  0
TEXT
  5
5FB
330
17
100
AcDbEntity
  8
A-SHEET
100
AcDbText
 10
25150.0
 20
-16200.0
 30
0.0
 40
125.0
  1
Листов
  7
PLAN
 72
1
 11
25150.0
 21
-16200.0
 31
0.0
100
AcDbText
  0
TEXT
  5
5FC
330
17
100
AcDbEntity
  8
A-SHEET
100
AcDbText
 10
23525.0
 20
-16450.0
 30
0.0
 40
150.0
  1
Р
  7
PLAN
 72
1
 11
23525.0
 21
-16450.0
 31
0.0
100
AcDbText
  0
TEXT
  5
5FD
330
17
100
AcDbEntity
  8
A-SHEET
100
AcDbText
 10
24275.0
 20
-16450.0
 30
0.0
 40
150.0
  1
1
  7
PLAN
 72
1
 11
24275.0
 21
-16450.0
 31
0.0
100
AcDbText
  0
TEXT
  5
5FE
330
17
100
AcDbEntity
  8
A-SHEET
100
AcDbText
 10
25150.0
 20
-16450.0
 30
0.0
 40
150.0
  1
1
  7
PLAN
 72
1
 11
25150.0
 21
-16450.0
 31
0.0
100
AcDbText
  0
TEXT
  5
5FF
330
17
100
AcDbEntity
  8
A-SHEET
100
AcDbText
 10
24400.0
 20
-16850.0
 30
0.0
 40
250.0
  1
М 1:50
  7
PLAN
 72
1
 11
24400.0
 21
-16850.0
 31
0.0
100
AcDbText
  0
TEXT
  5
600
330
17
100
AcDbEntity
  8
A-SHEET
100
AcDbText
 10
24400.0
 20
-17150.0
 30
0.0
 40
150.0
  1
Формат А2
  7
PLAN
 72
1
 11
24400.0
 21
-17150.0
 31
0.0
100
AcDbText
  0
ENDSEC
  0
SECTION
  2
OBJECTS
  0
DICTIONARY
  5
A
330
0
100
AcDbDictionary
281
1
  3
ACAD_COLOR
350
B
  3
ACAD_GROUP
350
C
  3
ACAD_LAYOUT
350
D
  3
ACAD_MATERIAL
350
E
  3
ACAD_MLEADERSTYLE
350
F
  3
ACAD_MLINESTYLE
350
10
  3
ACAD_PLOTSETTINGS
350
11
  3
ACAD_PLOTSTYLENAME
350
12
  3
ACAD_SCALELIST
350
14
  3
ACAD_TABLESTYLE
350
15
  3
ACAD_VISUALSTYLE
350
16
  3
EZDXF_META
350
2D
  0
DICTIONARY
  5
B
330
A
100
AcDbDictionary
281
1
  0
DICTIONARY
  5
C
330
A
100
AcDbDictionary
281
1
  0
DICTIONARY
  5
D
330
A
100
AcDbDictionary
281
1
  3
Model
350
1A
  3
Layout1
350
1E
  0
DICTIONARY
  5
E
330
A
100
AcDbDictionary
281
1
  3
ByBlock
350
1F
  3
ByLayer
350
20
  3
Global
350
21
  0
DICTIONARY
  5
F
330
A
100
AcDbDictionary
281
1
  3
Standard
350
2C
  0
DICTIONARY
  5
10
330
A
100
AcDbDictionary
281
1
  3
Standard
350
22
  0
DICTIONARY
  5
11
330
A
100
AcDbDictionary
281
1
  0
ACDBDICTIONARYWDFLT
  5
12
330
A
100
AcDbDictionary
281
1
  3
Normal
350
13
100
AcDbDictionaryWithDefault
340
13
  0
ACDBPLACEHOLDER
  5
13
330
12
  0
DICTIONARY
  5
14
330
A
100
AcDbDictionary
281
1
  0
DICTIONARY
  5
15
330
A
100
AcDbDictionary
281
1
  0
DICTIONARY
  5
16
330
A
100
AcDbDictionary
281
1
  3
2dWireframe
350
5A
  3
Basic
350
5B
  3
Brighten
350
5C
  3
ColorChange
350
5D
  3
Conceptual
350
5E
  3
Dim
350
5F
  3
EdgeColorOff
350
60
  3
Facepattern
350
61
  3
Flat
350
62
  3
FlatWithEdges
350
63
  3
Gouraud
350
64
  3
GouraudWithEdges
350
65
  3
Hidden
350
66
  3
JitterOff
350
67
  3
Linepattern
350
68
  3
Modeling
350
69
  3
OverhangOff
350
6A
  3
Realistic
350
6B
  3
Shaded
350
6C
  3
Shaded with edges
350
6D
  3
Shades of Gray
350
6E
  3
Sketchy
350
6F
  3
Thicken
350
70
  3
Wireframe
350
71
  3
X-Ray
350
72
  0
LAYOUT
  5
1A
330
D
100
AcDbPlotSettings
  1

  4
A3
  6

 40
7.5
 41
20.0
 42
7.5
 43
20.0
 44
420.0
 45
297.0
 46
0.0
 47
0.0
 48
0.0
 49
0.0
140
0.0
141
0.0
142
1.0
143
1.0
 70
1024
 72
1
 73
0
 74
5
  7

 75
16
 76
0
 77
2
 78
300
147
1.0
148
0.0
149
0.0
100
AcDbLayout
  1
Model
 70
1
 71
0
 10
0.0
 20
0.0
 11
420.0
 21
297.0
 12
0.0
 22
0.0
 32
0.0
 14
1e+20
 24
1e+20
 34
1e+20
 15
-1e+20
 25
-1e+20
 35
-1e+20
146
0.0
 13
0.0
 23
0.0
 33
0.0
 16
1.0
 26
0.0
 36
0.0
 17
0.0
 27
1.0
 37
0.0
 76
1
330
17
  0
LAYOUT
  5
1E
330
D
100
AcDbPlotSettings
  1

  4
A3
  6

 40
7.5
 41
20.0
 42
7.5
 43
20.0
 44
420.0
 45
297.0
 46
0.0
 47
0.0
 48
0.0
 49
0.0
140
0.0
141
0.0
142
1.0
143
1.0
 70
0
 72
1
 73
0
 74
5
  7

 75
16
 76
0
 77
2
 78
300
147
1.0
148
0.0
149
0.0
100
AcDbLayout
  1
Layout1
 70
1
 71
1
 10
0.0
 20
0.0
 11
420.0
 21
297.0
 12
0.0
 22
0.0
 32
0.0
 14
1e+20
 24
1e+20
 34
1e+20
 15
-1e+20
 25
-1e+20
 35
-1e+20
146
0.0
 13
0.0
 23
0.0
 33
0.0
 16
1.0
 26
0.0
 36
0.0
 17
0.0
 27
1.0
 37
0.0
 76
1
330
1B
  0
MATERIAL
  5
1F
102
{ACAD_REACTORS
330
E
102
}
330
E
100
AcDbMaterial
  1
ByBlock
  2

 70
0
 40
1.0
 71
1
 41
1.0
 91
-1023410177
 42
1.0
 72
1
  3

 73
1
 74
1
 75
1
 44
0.5
 73
0
 45
1.0
 46
1.0
 77
1
  4

 78
1
 79
1
170
1
 48
1.0
171
1
  6

172
1
173
1
174
1
140
1.0
141
1.0
175
1
  7

176
1
177
1
178
1
143
1.0
179
1
  8

270
1
271
1
272
1
145
1.0
146
1.0
273
1
  9

274
1
275
1
276
1
 42
1.0
 72
1
  3

 73
1
 74
1
 75
1
 94
63
  0
MATERIAL
  5
20
102
{ACAD_REACTORS
330
E
102
}
330
E
100
AcDbMaterial
  1
ByLayer
  2

 70
0
 40
1.0
 71
1
 41
1.0
 91
-1023410177
 42
1.0
 72
1
  3

 73
1
 74
1
 75
1
 44
0.5
 73
0
 45
1.0
 46
1.0
 77
1
  4

 78
1
 79
1
170
1
 48
1.0
171
1
  6

172
1
173
1
174
1
140
1.0
141
1.0
175
1
  7

176
1
177
1
178
1
143
1.0
179
1
  8

270
1
271
1
272
1
145
1.0
146
1.0
273
1
  9

274
1
275
1
276
1
 42
1.0
 72
1
  3

 73
1
 74
1
 75
1
 94
63
  0
MATERIAL
  5
21
102
{ACAD_REACTORS
330
E
102
}
330
E
100
AcDbMaterial
  1
Global
  2

 70
0
 40
1.0
 71
1
 41
1.0
 91
-1023410177
 42
1.0
 72
1
  3

 73
1
 74
1
 75
1
 44
0.5
 73
0
 45
1.0
 46
1.0
 77
1
  4

 78
1
 79
1
170
1
 48
1.0
171
1
  6

172
1
173
1
174
1
140
1.0
141
1.0
175
1
  7

176
1
177
1
178
1
143
1.0
179
1
  8

270
1
271
1
272
1
145
1.0
146
1.0
273
1
  9

274
1
275
1
276
1
 42
1.0
 72
1
  3

 73
1
 74
1
 75
1
 94
63
  0
MLINESTYLE
  5
22
102
{ACAD_REACTORS
330
10
102
}
330
10
100
AcDbMlineStyle
  2
Standard
 70
0
  3

 62
256
 51
90.0
 52
90.0
 71
2
 49
0.5
 62
256
  6
BYLAYER
 49
-0.5
 62
256
  6
BYLAYER
  0
MLEADERSTYLE
  5
2C
102
{ACAD_REACTORS
330
F
102
}
330
F
100
AcDbMLeaderStyle
179
2
170
2
171
1
172
0
 90
2
 40
0.0
 41
0.0
173
1
 91
-1056964608
 92
-2
290
1
 42
2.0
291
1
 43
8.0
  3
Standard
 44
4.0
300

342
29
174
1
175
1
176
0
178
1
 93
-1056964608
 45
4.0
292
0
297
0
 46
4.0
 94
-1056964608
 47
1.0
 49
1.0
140
1.0
294
1
141
0.0
177
0
142
1.0
295
0
296
0
143
3.75
271
0
272
9
273
9
  0
DICTIONARY
  5
2D
330
A
100
AcDbDictionary
280
1
281
1
  3
CREATED_BY_EZDXF
350
2E
  3
WRITTEN_BY_EZDXF
350
603
  0
DICTIONARYVAR
  5
2E
330
2D
100
DictionaryVariables
280
0
  1
1.4.4 @ 2026-09-28T08:51:17.541695+00:00
  0
VISUALSTYLE
  5
5A
102
{ACAD_REACTORS
330
16
102
}
330
16
100
AcDbVisualStyle
  2
2dWireframe
 70
4
177
3
291
0
 70
58
 90
2
176
1
 90
2
176
1
 90
0
176
1
 90
0
176
1
 40
0.6
176
1
 40
30.0
176
1
 62
7
420
16777215
176
1
 90
1
176
1
 90
4
176
1
 62
7
176
1
 62
257
176
1
 90
1
176
1
 90
1
176
1
 40
1.0
176
1
 90
8
176
1
 62
7
176
1
 40
1.0
176
1
 90
1
176
1
 90
6
176
1
 90
2
176
1
 62
7
176
1
 90
5
176
1
 90
0
176
1
 90
0
176
1
290
0
176
1
 90
1
176
1
 40
0.0
176
1
 90
0
176
1
290
1
176
1
290
1
176
1
290
0
176
1
290
0
176
1
290
0
176
1
290
0
176
1
290
0
176
1
290
0
176
1
290
0
176
1
 90
50
176
1
 40
0.0
176
1
 40
1.0
176
1
 90
0
176
1
 62
18
420
0
176
1
 90
50
176
1
 90
3
176
1
 62
5
420
255
176
1
290
0
176
1
 90
50
176
1
 90
50
176
1
 90
50
176
1
290
0
176
1
 90
50
176
1
 62
256
176
0
 40
1.0
176
0
 90
2
176
1
  1
strokes_ogs.tif
176
1
290
0
176
1
 40
1.0
176
1
 40
1.0
176
1
  0
VISUALSTYLE
  5
5B
102
{ACAD_REACTORS
330
16
102
}
330
16
100
AcDbVisualStyle
  2
Basic
 70
7
177
3
291
1
 70
58
 90
2
176
1
 90
2
176
1
 90
0
176
1
 90
1
176
1
 40
0.6
176
1
 40
30.0
176
1
 62
7
420
16777215
176
1
 90
1
176
1
 90
4
176
1
 62
7
176
1
 62
257
176
1
 90
1
176
1
 90
1
176
1
 40
1.0
176
1
 90
8
176
1
 62
7
176
1
 40
1.0
176
1
 90
1
176
1
 90
6
176
1
 90
2
176
1
 62
7
176
1
 90
5
176
1
 90
0
176
1
 90
0
176
1
290
0
176
1
 90
1
176
1
 40
0.0
176
1
 90
0
176
1
290
0
176
1
290
1
176
1
290
1
176
1
290
0
176
1
290
0
176
1
290
0
176
1
290
0
176
1
290
0
176
1
290
0
176
1
 90
50
176
1
 40
0.0
176
1
 40
1.0
176
1
 90
0
176
1
 62
18
420
0
176
1
 90
50
176
1
 90
3
176
1
 62
5
420
255
176
1
290
0
176
1
 90
50
176
1
 90
50
176
1
 90
50
176
1
290
0
176
1
 90
50
176
1
 62
256
176
0
 40
1.0
176
0
 90
2
176
1
  1
strokes_ogs.tif
176
1
290
0
176
1
 40
1.0
176
1
 40
1.0
176
1
  0
VISUALSTYLE
  5
5C
102
{ACAD_REACTORS
330
16
102
}
330
16
100
AcDbVisualStyle
  2
Brighten
 70
12
177
3
291
1
 70
58
 90
2
176
1
 90
2
176
1
 90
0
176
1
 90
2
176
1
 40
0.6
176
1
 40
30.0
176
1
 62
7
420
16777215
176
1
 90
1
176
1
 90
4
176
1
 62
7
176
1
 62
257
176
1
 90
1
176
1
 90
1
176
1
 40
1.0
176
1
 90
8
176
1
 62
7
176
1
 40
1.0
176
1
 90
1
176
1
 90
6
176
1
 90
2
176
1
 62
7
176
1
 90
5
176
1
 90
0
176
1
 90
0
176
1
290
0
176
1
 90
1
176
1
 40
0.0
176
1
 90
0
176
1
290
0
176
1
290
1
176
1
290
1
176
1
290
0
176
1
290
0
176
1
290
0
176
1
290
0
176
1
290
0
176
1
290
0
176
1
 90
50
176
1
 40
0.0
176
1
 40
1.0
176
1
 90
0
176
1
 62
18
420
0
176
1
 90
50
176
1
 90
3
176
1
 62
5
420
255
176
1
290
0
176
1
 90
50
176
1
 90
50
176
1
 90
50
176
1
290
0
176
1
 90
50
176
1
 62
256
176
0
 40
1.0
176
0
 90
2
176
1
  1
strokes_ogs.tif
176
1
290
0
176
1
 40
1.0
176
1
 40
1.0
176
1
  0
VISUALSTYLE
  5
5D
102
{ACAD_REACTORS
330
16
102
}
330
16
100
AcDbVisualStyle
  2
ColorChange
 70
16
177
3
291
1
 70
58
 90
2
176
1
 90
2
176
1
 90
0
176
1
 90
2
176
1
 40
0.6
176
1
 40
30.0
176
1
 62
7
420
16777215
176
1
 90
1
176
1
 90
4
176
1
 62
7
176
1
 62
257
176
1
 90
1
176
1
 90
1
176
1
 40
1.0
176
1
 90
8
176
1
 62
7
176
1
 40
1.0
176
1
 90
1
176
1
 90
6
176
1
 90
2
176
1
 62
7
176
1
 90
5
176
1
 90
0
176
1
 90
0
176
1
290
0
176
1
 90
1
176
1
 40
0.0
176
1
 90
0
176
1
290
0
176
1
290
1
176
1
290
1
176
1
290
0
176
1
290
0
176
1
290
0
176
1
290
0
176
1
290
0
176
1
290
0
176
1
 90
50
176
1
 40
0.0
176
1
 40
1.0
176
1
 90
0
176
1
 62
18
420
0
176
1
 90
50
176
1
 90
3
176
1
 62
5
420
255
176
1
290
0
176
1
 90
50
176
1
 90
50
176
1
 90
50
176
1
290
0
176
1
 90
50
176
1
 62
256
176
0
 40
1.0
176
0
 90
2
176
1
  1
strokes_ogs.tif
176
1
290
0
176
1
 40
1.0
176
1
 40
1.0
176
1
  0
VISUALSTYLE
  5
5E
102
{ACAD_REACTORS
330
16
102
}
330
16
100
AcDbVisualStyle
  2
Conceptual
 70
9
177
3
291
0
 70
58
 90
2
176
1
 90
2
176
1
 90
0
176
1
 90
3
176
1
 40
0.6
176
1
 40
30.0
176
1
 62
7
420
16777215
176
1
 90
1
176
1
 90
4
176
1
 62
7
176
1
 62
257
176
1
 90
1
176
1
 90
1
176
1
 40
1.0
176
1
 90
8
176
1
 62
7
176
1
 40
1.0
176
1
 90
1
176
1
 90
6
176
1
 90
2
176
1
 62
7
176
1
 90
5
176
1
 90
0
176
1
 90
0
176
1
290
0
176
1
 90
1
176
1
 40
0.0
176
1
 90
0
176
1
290
0
176
1
290
1
176
1
290
1
176
1
290
0
176
1
290
0
176
1
290
0
176
1
290
0
176
1
290
0
176
1
290
0
176
1
 90
50
176
1
 40
0.0
176
1
 40
1.0
176
1
 90
0
176
1
 62
18
420
0
176
1
 90
50
176
1
 90
3
176
1
 62
5
420
255
176
1
290
0
176
1
 90
50
176
1
 90
50
176
1
 90
50
176
1
290
0
176
1
 90
50
176
1
 62
256
176
0
 40
1.0
176
0
 90
2
176
1
  1
strokes_ogs.tif
176
1
290
0
176
1
 40
1.0
176
1
 40
1.0
176
1
  0
VISUALSTYLE
  5
5F
102
{ACAD_REACTORS
330
16
102
}
330
16
100
AcDbVisualStyle
  2
Dim
 70
11
177
3
291
1
 70
58
 90
2
176
1
 90
2
176
1
 90
0
176
1
 90
2
176
1
 40
0.6
176
1
 40
30.0
176
1
 62
7
420
16777215
176
1
 90
1
176
1
 90
4
176
1
 62
7
176
1
 62
257
176
1
 90
1
176
1
 90
1
176
1
 40
1.0
176
1
 90
8
176
1
 62
7
176
1
 40
1.0
176
1
 90
1
176
1
 90
6
176
1
 90
2
176
1
 62
7
176
1
 90
5
176
1
 90
0
176
1
 90
0
176
1
290
0
176
1
 90
1
176
1
 40
0.0
176
1
 90
0
176
1
290
0
176
1
290
1
176
1
290
1
176
1
290
0
176
1
290
0
176
1
290
0
176
1
290
0
176
1
290
0
176
1
290
0
176
1
 90
50
176
1
 40
0.0
176
1
 40
1.0
176
1
 90
0
176
1
 62
18
420
0
176
1
 90
50
176
1
 90
3
176
1
 62
5
420
255
176
1
290
0
176
1
 90
50
176
1
 90
50
176
1
 90
50
176
1
290
0
176
1
 90
50
176
1
 62
256
176
0
 40
1.0
176
0
 90
2
176
1
  1
strokes_ogs.tif
176
1
290
0
176
1
 40
1.0
176
1
 40
1.0
176
1
  0
VISUALSTYLE
  5
60
102
{ACAD_REACTORS
330
16
102
}
330
16
100
AcDbVisualStyle
  2
EdgeColorOff
 70
22
177
3
291
1
 70
58
 90
2
176
1
 90
2
176
1
 90
0
176
1
 90
2
176
1
 40
0.6
176
1
 40
30.0
176
1
 62
7
420
16777215
176
1
 90
1
176
1
 90
4
176
1
 62
7
176
1
 62
257
176
1
 90
1
176
1
 90
1
176
1
 40
1.0
176
1
 90
8
176
1
 62
7
176
1
 40
1.0
176
1
 90
1
176
1
 90
6
176
1
 90
2
176
1
 62
7
176
1
 90
5
176
1
 90
0
176
1
 90
0
176
1
290
0
176
1
 90
1
176
1
 40
0.0
176
1
 90
0
176
1
290
0
176
1
290
1
176
1
290
1
176
1
290
0
176
1
290
0
176
1
290
0
176
1
290
0
176
1
290
0
176
1
290
0
176
1
 90
50
176
1
 40
0.0
176
1
 40
1.0
176
1
 90
0
176
1
 62
18
420
0
176
1
 90
50
176
1
 90
3
176
1
 62
5
420
255
176
1
290
0
176
1
 90
50
176
1
 90
50
176
1
 90
50
176
1
290
0
176
1
 90
50
176
1
 62
256
176
0
 40
1.0
176
0
 90
2
176
1
  1
strokes_ogs.tif
176
1
290
0
176
1
 40
1.0
176
1
 40
1.0
176
1
  0
VISUALSTYLE
  5
61
102
{ACAD_REACTORS
330
16
102
}
330
16
100
AcDbVisualStyle
  2
Facepattern
 70
15
177
3
291
1
 70
58
 90
2
176
1
 90
2
176
1
 90
0
176
1
 90
2
176
1
 40
0.6
176
1
 40
30.0
176
1
 62
7
420
16777215
176
1
 90
1
176
1
 90
4
176
1
 62
7
176
1
 62
257
176
1
 90
1
176
1
 90
1
176
1
 40
1.0
176
1
 90
8
176
1
 62
7
176
1
 40
1.0
176
1
 90
1
176
1
 90
6
176
1
 90
2
176
1
 62
7
176
1
 90
5
176
1
 90
0
176
1
 90
0
176
1
290
0
176
1
 90
1
176
1
 40
0.0
176
1
 90
0
176
1
290
0
176
1
290
1
176
1
290
1
176
1
290
0
176
1
290
0
176
1
290
0
176
1
290
0
176
1
290
0
176
1
290
0
176
1
 90
50
176
1
 40
0.0
176
1
 40
1.0
176
1
 90
0
176
1
 62
18
420
0
176
1
 90
50
176
1
 90
3
176
1
 62
5
420
255
176
1
290
0
176
1
 90
50
176
1
 90
50
176
1
 90
50
176
1
290
0
176
1
 90
50
176
1
 62
256
176
0
 40
1.0
176
0
 90
2
176
1
  1
strokes_ogs.tif
176
1
290
0
176
1
 40
1.0
176
1
 40
1.0
176
1
  0
VISUALSTYLE
  5
62
102
{ACAD_REACTORS
330
16
102
}
330
16
100
AcDbVisualStyle
  2
Flat
 70
0
177
3
291
1
 70
58
 90
2
176
1
 90
2
176
1
 90
0
176
1
 90
2
176
1
 40
0.6
176
1
 40
30.0
176
1
 62
7
420
16777215
176
1
 90
1
176
1
 90
4
176
1
 62
7
176
1
 62
257
176
1
 90
1
176
1
 90
1
176
1
 40
1.0
176
1
 90
8
176
1
 62
7
176
1
 40
1.0
176
1
 90
1
176
1
 90
6
176
1
 90
2
176
1
 62
7
176
1
 90
5
176
1
 90
0
176
1
 90
0
176
1
290
0
176
1
 90
1
176
1
 40
0.0
176
1
 90
0
176
1
290
0
176
1
290
1
176
1
290
1
176
1
290
0
176
1
290
0
176
1
290
0
176
1
290
0
176
1
290
0
176
1
290
0
176
1
 90
50
176
1
 40
0.0
176
1
 40
1.0
176
1
 90
0
176
1
 62
18
420
0
176
1
 90
50
176
1
 90
3
176
1
 62
5
420
255
176
1
290
0
176
1
 90
50
176
1
 90
50
176
1
 90
50
176
1
290
0
176
1
 90
50
176
1
 62
256
176
0
 40
1.0
176
0
 90
2
176
1
  1
strokes_ogs.tif
176
1
290
0
176
1
 40
1.0
176
1
 40
1.0
176
1
  0
VISUALSTYLE
  5
63
102
{ACAD_REACTORS
330
16
102
}
330
16
100
AcDbVisualStyle
  2
FlatWithEdges
 70
1
177
3
291
1
 70
58
 90
2
176
1
 90
2
176
1
 90
0
176
1
 90
2
176
1
 40
0.6
176
1
 40
30.0
176
1
 62
7
420
16777215
176
1
 90
1
176
1
 90
4
176
1
 62
7
176
1
 62
257
176
1
 90
1
176
1
 90
1
176
1
 40
1.0
176
1
 90
8
176
1
 62
7
176
1
 40
1.0
176
1
 90
1
176
1
 90
6
176
1
 90
2
176
1
 62
7
176
1
 90
5
176
1
 90
0
176
1
 90
0
176
1
290
0
176
1
 90
1
176
1
 40
0.0
176
1
 90
0
176
1
290
0
176
1
290
1
176
1
290
1
176
1
290
0
176
1
290
0
176
1
290
0
176
1
290
0
176
1
290
0
176
1
290
0
176
1
 90
50
176
1
 40
0.0
176
1
 40
1.0
176
1
 90
0
176
1
 62
18
420
0
176
1
 90
50
176
1
 90
3
176
1
 62
5
420
255
176
1
290
0
176
1
 90
50
176
1
 90
50
176
1
 90
50
176
1
290
0
176
1
 90
50
176
1
 62
256
176
0
 40
1.0
176
0
 90
2
176
1
  1
strokes_ogs.tif
176
1
290
0
176
1
 40
1.0
176
1
 40
1.0
176
1
  0
VISUALSTYLE
  5
64
102
{ACAD_REACTORS
330
16
102
}
330
16
100
AcDbVisualStyle
  2
Gouraud
 70
2
177
3
291
1
 70
58
 90
2
176
1
 90
2
176
1
 90
0
176
1
 90
2
176
1
 40
0.6
176
1
 40
30.0
176
1
 62
7
420
16777215
176
1
 90
1
176
1
 90
4
176
1
 62
7
176
1
 62
257
176
1
 90
1
176
1
 90
1
176
1
 40
1.0
176
1
 90
8
176
1
 62
7
176
1
 40
1.0
176
1
 90
1
176
1
 90
6
176
1
 90
2
176
1
 62
7
176
1
 90
5
176
1
 90
0
176
1
 90
0
176
1
290
0
176
1
 90
1
176
1
 40
0.0
176
1
 90
0
176
1
290
0
176
1
290
1
176
1
290
1
176
1
290
0
176
1
290
0
176
1
290
0
176
1
290
0
176
1
290
0
176
1
290
0
176
1
 90
50
176
1
 40
0.0
176
1
 40
1.0
176
1
 90
0
176
1
 62
18
420
0
176
1
 90
50
176
1
 90
3
176
1
 62
5
420
255
176
1
290
0
176
1
 90
50
176
1
 90
50
176
1
 90
50
176
1
290
0
176
1
 90
50
176
1
 62
256
176
0
 40
1.0
176
0
 90
2
176
1
  1
strokes_ogs.tif
176
1
290
0
176
1
 40
1.0
176
1
 40
1.0
176
1
  0
VISUALSTYLE
  5
65
102
{ACAD_REACTORS
330
16
102
}
330
16
100
AcDbVisualStyle
  2
GouraudWithEdges
 70
3
177
3
291
1
 70
58
 90
2
176
1
 90
2
176
1
 90
0
176
1
 90
2
176
1
 40
0.6
176
1
 40
30.0
176
1
 62
7
420
16777215
176
1
 90
1
176
1
 90
4
176
1
 62
7
176
1
 62
257
176
1
 90
1
176
1
 90
1
176
1
 40
1.0
176
1
 90
8
176
1
 62
7
176
1
 40
1.0
176
1
 90
1
176
1
 90
6
176
1
 90
2
176
1
 62
7
176
1
 90
5
176
1
 90
0
176
1
 90
0
176
1
290
0
176
1
 90
1
176
1
 40
0.0
176
1
 90
0
176
1
290
0
176
1
290
1
176
1
290
1
176
1
290
0
176
1
290
0
176
1
290
0
176
1
290
0
176
1
290
0
176
1
290
0
176
1
 90
50
176
1
 40
0.0
176
1
 40
1.0
176
1
 90
0
176
1
 62
18
420
0
176
1
 90
50
176
1
 90
3
176
1
 62
5
420
255
176
1
290
0
176
1
 90
50
176
1
 90
50
176
1
 90
50
176
1
290
0
176
1
 90
50
176
1
 62
256
176
0
 40
1.0
176
0
 90
2
176
1
  1
strokes_ogs.tif
176
1
290
0
176
1
 40
1.0
176
1
 40
1.0
176
1
  0
VISUALSTYLE
  5
66
102
{ACAD_REACTORS
330
16
102
}
330
16
100
AcDbVisualStyle
  2
Hidden
 70
6
177
3
291
0
 70
58
 90
2
176
1
 90
2
176
1
 90
0
176
1
 90
1
176
1
 40
0.6
176
1
 40
30.0
176
1
 62
7
420
16777215
176
1
 90
1
176
1
 90
4
176
1
 62
7
176
1
 62
257
176
1
 90
1
176
1
 90
1
176
1
 40
1.0
176
1
 90
8
176
1
 62
7
176
1
 40
1.0
176
1
 90
1
176
1
 90
6
176
1
 90
2
176
1
 62
7
176
1
 90
5
176
1
 90
0
176
1
 90
0
176
1
290
0
176
1
 90
1
176
1
 40
0.0
176
1
 90
0
176
1
290
0
176
1
290
1
176
1
290
1
176
1
290
0
176
1
290
0
176
1
290
0
176
1
290
0
176
1
290
0
176
1
290
0
176
1
 90
50
176
1
 40
0.0
176
1
 40
1.0
176
1
 90
0
176
1
 62
18
420
0
176
1
 90
50
176
1
 90
3
176
1
 62
5
420
255
176
1
290
0
176
1
 90
50
176
1
 90
50
176
1
 90
50
176
1
290
0
176
1
 90
50
176
1
 62
256
176
0
 40
1.0
176
0
 90
2
176
1
  1
strokes_ogs.tif
176
1
290
0
176
1
 40
1.0
176
1
 40
1.0
176
1
  0
VISUALSTYLE
  5
67
102
{ACAD_REACTORS
330
16
102
}
330
16
100
AcDbVisualStyle
  2
JitterOff
 70
20
177
3
291
1
 70
58
 90
2
176
1
 90
2
176
1
 90
0
176
1
 90
2
176
1
 40
0.6
176
1
 40
30.0
176
1
 62
7
420
16777215
176
1
 90
1
176
1
 90
4
176
1
 62
7
176
1
 62
257
176
1
 90
1
176
1
 90
1
176
1
 40
1.0
176
1
 90
8
176
1
 62
7
176
1
 40
1.0
176
1
 90
1
176
1
 90
6
176
1
 90
2
176
1
 62
7
176
1
 90
5
176
1
 90
0
176
1
 90
0
176
1
290
0
176
1
 90
1
176
1
 40
0.0
176
1
 90
0
176
1
290
0
176
1
290
1
176
1
290
1
176
1
290
0
176
1
290
0
176
1
290
0
176
1
290
0
176
1
290
0
176
1
290
0
176
1
 90
50
176
1
 40
0.0
176
1
 40
1.0
176
1
 90
0
176
1
 62
18
420
0
176
1
 90
50
176
1
 90
3
176
1
 62
5
420
255
176
1
290
0
176
1
 90
50
176
1
 90
50
176
1
 90
50
176
1
290
0
176
1
 90
50
176
1
 62
256
176
0
 40
1.0
176
0
 90
2
176
1
  1
strokes_ogs.tif
176
1
290
0
176
1
 40
1.0
176
1
 40
1.0
176
1
  0
VISUALSTYLE
  5
68
102
{ACAD_REACTORS
330
16
102
}
330
16
100
AcDbVisualStyle
  2
Linepattern
 70
14
177
3
291
1
 70
58
 90
2
176
1
 90
2
176
1
 90
0
176
1
 90
2
176
1
 40
0.6
176
1
 40
30.0
176
1
 62
7
420
16777215
176
1
 90
1
176
1
 90
4
176
1
 62
7
176
1
 62
257
176
1
 90
1
176
1
 90
1
176
1
 40
1.0
176
1
 90
8
176
1
 62
7
176
1
 40
1.0
176
1
 90
1
176
1
 90
6
176
1
 90
2
176
1
 62
7
176
1
 90
5
176
1
 90
0
176
1
 90
0
176
1
290
0
176
1
 90
1
176
1
 40
0.0
176
1
 90
0
176
1
290
0
176
1
290
1
176
1
290
1
176
1
290
0
176
1
290
0
176
1
290
0
176
1
290
0
176
1
290
0
176
1
290
0
176
1
 90
50
176
1
 40
0.0
176
1
 40
1.0
176
1
 90
0
176
1
 62
18
420
0
176
1
 90
50
176
1
 90
3
176
1
 62
5
420
255
176
1
290
0
176
1
 90
50
176
1
 90
50
176
1
 90
50
176
1
290
0
176
1
 90
50
176
1
 62
256
176
0
 40
1.0
176
0
 90
2
176
1
  1
strokes_ogs.tif
176
1
290
0
176
1
 40
1.0
176
1
 40
1.0
176
1
  0
VISUALSTYLE
  5
69
102
{ACAD_REACTORS
330
16
102
}
330
16
100
AcDbVisualStyle
  2
Modeling
 70
10
177
3
291
0
 70
58
 90
2
176
1
 90
2
176
1
 90
0
176
1
 90
2
176
1
 40
0.6
176
1
 40
30.0
176
1
 62
7
420
16777215
176
1
 90
1
176
1
 90
4
176
1
 62
7
176
1
 62
257
176
1
 90
1
176
1
 90
1
176
1
 40
1.0
176
1
 90
8
176
1
 62
7
176
1
 40
1.0
176
1
 90
1
176
1
 90
6
176
1
 90
2
176
1
 62
7
176
1
 90
5
176
1
 90
0
176
1
 90
0
176
1
290
0
176
1
 90
1
176
1
 40
0.0
176
1
 90
0
176
1
290
0
176
1
290
1
176
1
290
1
176
1
290
0
176
1
290
0
176
1
290
0
176
1
290
0
176
1
290
0
176
1
290
0
176
1
 90
50
176
1
 40
0.0
176
1
 40
1.0
176
1
 90
0
176
1
 62
18
420
0
176
1
 90
50
176
1
 90
3
176
1
 62
5
420
255
176
1
290
0
176
1
 90
50
176
1
 90
50
176
1
 90
50
176
1
290
0
176
1
 90
50
176
1
 62
256
176
0
 40
1.0
176
0
 90
2
176
1
  1
strokes_ogs.tif
176
1
290
0
176
1
 40
1.0
176
1
 40
1.0
176
1
  0
VISUALSTYLE
  5
6A
102
{ACAD_REACTORS
330
16
102
}
330
16
100
AcDbVisualStyle
  2
OverhangOff
 70
21
177
3
291
1
 70
58
 90
2
176
1
 90
2
176
1
 90
0
176
1
 90
2
176
1
 40
0.6
176
1
 40
30.0
176
1
 62
7
420
16777215
176
1
 90
1
176
1
 90
4
176
1
 62
7
176
1
 62
257
176
1
 90
1
176
1
 90
1
176
1
 40
1.0
176
1
 90
8
176
1
 62
7
176
1
 40
1.0
176
1
 90
1
176
1
 90
6
176
1
 90
2
176
1
 62
7
176
1
 90
5
176
1
 90
0
176
1
 90
0
176
1
290
0
176
1
 90
1
176
1
 40
0.0
176
1
 90
0
176
1
290
0
176
1
290
1
176
1
290
1
176
1
290
0
176
1
290
0
176
1
290
0
176
1
290
0
176
1
290
0
176
1
290
0
176
1
 90
50
176
1
 40
0.0
176
1
 40
1.0
176
1
 90
0
176
1
 62
18
420
0
176
1
 90
50
176
1
 90
3
176
1
 62
5
420
255
176
1
290
0
176
1
 90
50
176
1
 90
50
176
1
 90
50
176
1
290
0
176
1
 90
50
176
1
 62
256
176
0
 40
1.0
176
0
 90
2
176
1
  1
strokes_ogs.tif
176
1
290
0
176
1
 40
1.0
176
1
 40
1.0
176
1
  0
VISUALSTYLE
  5
6B
102
{ACAD_REACTORS
330
16
102
}
330
16
100
AcDbVisualStyle
  2
Realistic
 70
8
177
3
291
0
 70
58
 90
2
176
1
 90
2
176
1
 90
0
176
1
 90
2
176
1
 40
0.6
176
1
 40
30.0
176
1
 62
7
420
16777215
176
1
 90
1
176
1
 90
4
176
1
 62
7
176
1
 62
257
176
1
 90
1
176
1
 90
1
176
1
 40
1.0
176
1
 90
8
176
1
 62
7
176
1
 40
1.0
176
1
 90
1
176
1
 90
6
176
1
 90
2
176
1
 62
7
176
1
 90
5
176
1
 90
0
176
1
 90
0
176
1
290
0
176
1
 90
1
176
1
 40
0.0
176
1
 90
0
176
1
290
0
176
1
290
1
176
1
290
1
176
1
290
0
176
1
290
0
176
1
290
0
176
1
290
0
176
1
290
0
176
1
290
0
176
1
 90
50
176
1
 40
0.0
176
1
 40
1.0
176
1
 90
0
176
1
 62
18
420
0
176
1
 90
50
176
1
 90
3
176
1
 62
5
420
255
176
1
290
0
176
1
 90
50
176
1
 90
50
176
1
 90
50
176
1
290
0
176
1
 90
50
176
1
 62
256
176
0
 40
1.0
176
0
 90
2
176
1
  1
strokes_ogs.tif
176
1
290
0
176
1
 40
1.0
176
1
 40
1.0
176
1
  0
VISUALSTYLE
  5
6C
102
{ACAD_REACTORS
330
16
102
}
330
16
100
AcDbVisualStyle
  2
Shaded
 70
27
177
3
291
0
 70
58
 90
2
176
1
 90
2
176
1
 90
0
176
1
 90
2
176
1
 40
0.6
176
1
 40
30.0
176
1
 62
7
420
16777215
176
1
 90
1
176
1
 90
4
176
1
 62
7
176
1
 62
257
176
1
 90
1
176
1
 90
1
176
1
 40
1.0
176
1
 90
8
176
1
 62
7
176
1
 40
1.0
176
1
 90
1
176
1
 90
6
176
1
 90
2
176
1
 62
7
176
1
 90
5
176
1
 90
0
176
1
 90
0
176
1
290
0
176
1
 90
1
176
1
 40
0.0
176
1
 90
0
176
1
290
0
176
1
290
1
176
1
290
1
176
1
290
0
176
1
290
0
176
1
290
0
176
1
290
0
176
1
290
0
176
1
290
0
176
1
 90
50
176
1
 40
0.0
176
1
 40
1.0
176
1
 90
0
176
1
 62
18
420
0
176
1
 90
50
176
1
 90
3
176
1
 62
5
420
255
176
1
290
0
176
1
 90
50
176
1
 90
50
176
1
 90
50
176
1
290
0
176
1
 90
50
176
1
 62
256
176
0
 40
1.0
176
0
 90
2
176
1
  1
strokes_ogs.tif
176
1
290
0
176
1
 40
1.0
176
1
 40
1.0
176
1
  0
VISUALSTYLE
  5
6D
102
{ACAD_REACTORS
330
16
102
}
330
16
100
AcDbVisualStyle
  2
Shaded with edges
 70
26
177
3
291
0
 70
58
 90
2
176
1
 90
2
176
1
 90
0
176
1
 90
2
176
1
 40
0.6
176
1
 40
30.0
176
1
 62
7
420
16777215
176
1
 90
1
176
1
 90
4
176
1
 62
7
176
1
 62
257
176
1
 90
1
176
1
 90
1
176
1
 40
1.0
176
1
 90
8
176
1
 62
7
176
1
 40
1.0
176
1
 90
1
176
1
 90
6
176
1
 90
2
176
1
 62
7
176
1
 90
5
176
1
 90
0
176
1
 90
0
176
1
290
0
176
1
 90
1
176
1
 40
0.0
176
1
 90
0
176
1
290
0
176
1
290
1
176
1
290
1
176
1
290
0
176
1
290
0
176
1
290
0
176
1
290
0
176
1
290
0
176
1
290
0
176
1
 90
50
176
1
 40
0.0
176
1
 40
1.0
176
1
 90
0
176
1
 62
18
420
0
176
1
 90
50
176
1
 90
3
176
1
 62
5
420
255
176
1
290
0
176
1
 90
50
176
1
 90
50
176
1
 90
50
176
1
290
0
176
1
 90
50
176
1
 62
256
176
0
 40
1.0
176
0
 90
2
176
1
  1
strokes_ogs.tif
176
1
290
0
176
1
 40
1.0
176
1
 40
1.0
176
1
  0
VISUALSTYLE
  5
6E
102
{ACAD_REACTORS
330
16
102
}
330
16
100
AcDbVisualStyle
  2
Shades of Gray
 70
23
177
3
291
0
 70
58
 90
2
176
1
 90
2
176
1
 90
0
176
1
 90
2
176
1
 40
0.6
176
1
 40
30.0
176
1
 62
7
420
16777215
176
1
 90
1
176
1
 90
4
176
1
 62
7
176
1
 62
257
176
1
 90
1
176
1
 90
1
176
1
 40
1.0
176
1
 90
8
176
1
 62
7
176
1
 40
1.0
176
1
 90
1
176
1
 90
6
176
1
 90
2
176
1
 62
7
176
1
 90
5
176
1
 90
0
176
1
 90
0
176
1
290
0
176
1
 90
1
176
1
 40
0.0
176
1
 90
0
176
1
290
0
176
1
290
1
176
1
290
1
176
1
290
0
176
1
290
0
176
1
290
0
176
1
290
0
176
1
290
0
176
1
290
0
176
1
 90
50
176
1
 40
0.0
176
1
 40
1.0
176
1
 90
0
176
1
 62
18
420
0
176
1
 90
50
176
1
 90
3
176
1
 62
5
420
255
176
1
290
0
176
1
 90
50
176
1
 90
50
176
1
 90
50
176
1
290
0
176
1
 90
50
176
1
 62
256
176
0
 40
1.0
176
0
 90
2
176
1
  1
strokes_ogs.tif
176
1
290
0
176
1
 40
1.0
176
1
 40
1.0
176
1
  0
VISUALSTYLE
  5
6F
102
{ACAD_REACTORS
330
16
102
}
330
16
100
AcDbVisualStyle
  2
Sketchy
 70
24
177
3
291
0
 70
58
 90
2
176
1
 90
2
176
1
 90
0
176
1
 90
1
176
1
 40
0.6
176
1
 40
30.0
176
1
 62
7
420
16777215
176
1
 90
1
176
1
 90
4
176
1
 62
7
176
1
 62
257
176
1
 90
1
176
1
 90
1
176
1
 40
1.0
176
1
 90
8
176
1
 62
7
176
1
 40
1.0
176
1
 90
1
176
1
 90
6
176
1
 90
2
176
1
 62
7
176
1
 90
5
176
1
 90
0
176
1
 90
0
176
1
290
0
176
1
 90
1
176
1
 40
0.0
176
1
 90
0
176
1
290
0
176
1
290
1
176
1
290
1
176
1
290
0
176
1
290
0
176
1
290
0
176
1
290
0
176
1
290
0
176
1
290
0
176
1
 90
50
176
1
 40
0.0
176
1
 40
1.0
176
1
 90
0
176
1
 62
18
420
0
176
1
 90
50
176
1
 90
3
176
1
 62
5
420
255
176
1
290
0
176
1
 90
50
176
1
 90
50
176
1
 90
50
176
1
290
0
176
1
 90
50
176
1
 62
256
176
0
 40
1.0
176
0
 90
2
176
1
  1
strokes_ogs.tif
176
1
290
0
176
1
 40
1.0
176
1
 40
1.0
176
1
  0
VISUALSTYLE
  5
70
102
{ACAD_REACTORS
330
16
102
}
330
16
100
AcDbVisualStyle
  2
Thicken
 70
13
177
3
291
1
 70
58
 90
2
176
1
 90
2
176
1
 90
0
176
1
 90
2
176
1
 40
0.6
176
1
 40
30.0
176
1
 62
7
420
16777215
176
1
 90
1
176
1
 90
4
176
1
 62
7
176
1
 62
257
176
1
 90
1
176
1
 90
1
176
1
 40
1.0
176
1
 90
8
176
1
 62
7
176
1
 40
1.0
176
1
 90
1
176
1
 90
6
176
1
 90
2
176
1
 62
7
176
1
 90
5
176
1
 90
0
176
1
 90
0
176
1
290
0
176
1
 90
1
176
1
 40
0.0
176
1
 90
0
176
1
290
0
176
1
290
1
176
1
290
1
176
1
290
0
176
1
290
0
176
1
290
0
176
1
290
0
176
1
290
0
176
1
290
0
176
1
 90
50
176
1
 40
0.0
176
1
 40
1.0
176
1
 90
0
176
1
 62
18
420
0
176
1
 90
50
176
1
 90
3
176
1
 62
5
420
255
176
1
290
0
176
1
 90
50
176
1
 90
50
176
1
 90
50
176
1
290
0
176
1
 90
50
176
1
 62
256
176
0
 40
1.0
176
0
 90
2
176
1
  1
strokes_ogs.tif
176
1
290
0
176
1
 40
1.0
176
1
 40
1.0
176
1
  0
VISUALSTYLE
  5
71
102
{ACAD_REACTORS
330
16
102
}
330
16
100
AcDbVisualStyle
  2
Wireframe
 70
5
177
3
291
0
 70
58
 90
2
176
1
 90
2
176
1
 90
0
176
1
 90
0
176
1
 40
0.6
176
1
 40
30.0
176
1
 62
7
420
16777215
176
1
 90
1
176
1
 90
4
176
1
 62
7
176
1
 62
257
176
1
 90
1
176
1
 90
1
176
1
 40
1.0
176
1
 90
8
176
1
 62
7
176
1
 40
1.0
176
1
 90
1
176
1
 90
6
176
1
 90
2
176
1
 62
7
176
1
 90
5
176
1
 90
0
176
1
 90
0
176
1
290
0
176
1
 90
1
176
1
 40
0.0
176
1
 90
0
176
1
290
0
176
1
290
1
176
1
290
1
176
1
290
0
176
1
290
0
176
1
290
0
176
1
290
0
176
1
290
0
176
1
290
0
176
1
 90
50
176
1
 40
0.0
176
1
 40
1.0
176
1
 90
0
176
1
 62
18
420
0
176
1
 90
50
176
1
 90
3
176
1
 62
5
420
255
176
1
290
0
176
1
 90
50
176
1
 90
50
176
1
 90
50
176
1
290
0
176
1
 90
50
176
1
 62
256
176
0
 40
1.0
176
0
 90
2
176
1
  1
strokes_ogs.tif
176
1
290
0
176
1
 40
1.0
176
1
 40
1.0
176
1
  0
VISUALSTYLE
  5
72
102
{ACAD_REACTORS
330
16
102
}
330
16
100
AcDbVisualStyle
  2
X-Ray
 70
25
177
3
291
0
 70
58
 90
2
176
1
 90
2
176
1
 90
0
176
1
 90
2
176
1
 40
0.5
176
1
 40
30.0
176
1
 62
7
420
16777215
176
1
 90
1
176
1
 90
4
176
1
 62
7
176
1
 62
257
176
1
 90
1
176
1
 90
1
176
1
 40
1.0
176
1
 90
8
176
1
 62
7
176
1
 40
1.0
176
1
 90
1
176
1
 90
6
176
1
 90
2
176
1
 62
7
176
1
 90
5
176
1
 90
0
176
1
 90
0
176
1
290
0
176
1
 90
1
176
1
 40
0.0
176
1
 90
0
176
1
290
0
176
1
290
1
176
1
290
1
176
1
290
0
176
1
290
0
176
1
290
0
176
1
290
0
176
1
290
0
176
1
290
0
176
1
 90
50
176
1
 40
0.0
176
1
 40
1.0
176
1
 90
0
176
1
 62
18
420
0
176
1
 90
50
176
1
 90
3
176
1
 62
5
420
255
176
1
290
0
176
1
 90
50
176
1
 90
50
176
1
 90
50
176
1
290
0
176
1
 90
50
176
1
 62
256
176
0
 40
1.0
176
0
 90
2
176
1
  1
strokes_ogs.tif
176
1
290
0
176
1
 40
1.0
176
1
 40
1.0
176
1
  0
DICTIONARYVAR
  5
603
330
2D
100
DictionaryVariables
280
0
  1
1.4.4 @ 2026-09-28T08:51:17.593990+00:00
  0
ENDSEC
  0
EOF
